{
    "styles": {
        "Regular-No-IF_OWN_ICON_EXISTS": {
            "nodes": {
                "_fun_capacity": [
                    0.0,
                    0.0
                ],
                "_fun_capacity/_extrar-capacity": [
                    96.80455526197983,
                    3.0884249393395136
                ]
            },
            "edges": {
                "_fun_capacity/_extrar-capacity-edge-0": [
                    [
                        49.043131512825845,
                        10.516147107308264
                    ],
                    [
                        59.043131512825845,
                        10.516147107308264
                    ],
                    [
                        72.92384338740284,
                        10.516147107308264
                    ],
                    [
                        72.92384338740284,
                        10.516147107308264
                    ],
                    [
                        86.80455526197983,
                        10.516147107308264
                    ],
                    [
                        96.80455526197983,
                        10.516147107308264
                    ]
                ]
            }
        }
    }
}