{
    "styles": {
        "Regular-No-IF_OWN_ICON_EXISTS": {
            "nodes": {
                "_fun_number_of_residents": [
                    29.819183349609368,
                    0.0
                ],
                "_fun_quality_of_ATH": [
                    230.29103597487043,
                    68.68914846410891
                ],
                "_fun_resident_hours_per_week_class": [
                    0.0,
                    46.03229421461653
                ],
                "_res_total_FATH_class": [
                    371.7243754165378,
                    23.016147107308264
                ],
                "_prod": [
                    265.08501282316485,
                    23.375439965124148
                ],
                "_fun_quality_of_ATH/_extrar-quality_of_ATH": [
                    415.1678288898128,
                    71.77757340344843
                ]
            },
            "edges": {
                "(_fun_number_of_residents:number_of_residents)-(_prod:number_of_residents)": [
                    [
                        152.7104288761071,
                        10.516147107308264
                    ],
                    [
                        162.7104288761071,
                        10.516147107308264
                    ],
                    [
                        209.97614797438217,
                        10.516147107308264
                    ],
                    [
                        209.97614797438217,
                        30.532294214616527
                    ],
                    [
                        257.2418670726572,
                        30.532294214616527
                    ],
                    [
                        267.2418670726572,
                        30.532294214616527
                    ]
                ],
                "(_fun_resident_hours_per_week_class:resident_hours_per_week_class)-(_prod:resident_hours_per_week_class)": [
                    [
                        182.52961222571645,
                        56.548441321924784
                    ],
                    [
                        192.52961222571645,
                        56.548441321924784
                    ],
                    [
                        196.0,
                        56.548441321924784
                    ],
                    [
                        196.0,
                        36.53229421461653
                    ],
                    [
                        257.2418670726572,
                        36.53229421461653
                    ],
                    [
                        267.2418670726572,
                        36.53229421461653
                    ]
                ],
                "(_prod:_res)-(_res_total_FATH_class:total_FATH_class)": [
                    [
                        289.77354431875096,
                        33.53229421461653
                    ],
                    [
                        299.77354431875096,
                        33.53229421461653
                    ],
                    [
                        332.1296717422214,
                        33.53229421461653
                    ],
                    [
                        332.1296717422214,
                        33.53229421461653
                    ],
                    [
                        364.48579916569173,
                        33.53229421461653
                    ],
                    [
                        374.48579916569173,
                        33.53229421461653
                    ]
                ],
                "_fun_quality_of_ATH/_extrar-quality_of_ATH-edge-0": [
                    [
                        323.9629516673838,
                        79.20529557141717
                    ],
                    [
                        333.9629516673838,
                        79.20529557141717
                    ],
                    [
                        333.1678288898128,
                        79.20529557141717
                    ],
                    [
                        333.1678288898128,
                        79.20529557141717
                    ],
                    [
                        405.1678288898128,
                        79.20529557141717
                    ],
                    [
                        415.1678288898128,
                        79.20529557141718
                    ]
                ]
            }
        }
    }
}