{
    "styles": {
        "Regular-No-IF_OWN_ICON_EXISTS": {
            "nodes": {
                "_fun_cost_of_faculty_total": [
                    5.187499999999993,
                    45.931088770280596
                ],
                "_fun_cost_of_residents_total": [
                    0.0,
                    0.0
                ],
                "_res_total_cost": [
                    246.1488423742458,
                    22.965544385140298
                ],
                "_sum": [
                    174.17015584791727,
                    23.274234520788216
                ]
            },
            "edges": {
                "(_fun_cost_of_faculty_total:cost_of_faculty_total)-(_sum:cost_of_faculty_total)": [
                    [
                        121.22123209876334,
                        56.39663315542089
                    ],
                    [
                        131.22123209876332,
                        56.39663315542089
                    ],
                    [
                        148.77412109808648,
                        56.39663315542089
                    ],
                    [
                        148.77412109808648,
                        36.431088770280596
                    ],
                    [
                        166.32701009740964,
                        36.431088770280596
                    ],
                    [
                        176.32701009740964,
                        36.431088770280596
                    ]
                ],
                "(_fun_cost_of_residents_total:cost_of_residents_total)-(_sum:cost_of_residents_total)": [
                    [
                        126.40873209876334,
                        10.465544385140298
                    ],
                    [
                        136.40873209876332,
                        10.465544385140298
                    ],
                    [
                        151.36787109808648,
                        10.465544385140298
                    ],
                    [
                        151.36787109808648,
                        30.431088770280596
                    ],
                    [
                        166.32701009740964,
                        30.431088770280596
                    ],
                    [
                        176.32701009740964,
                        30.431088770280596
                    ]
                ],
                "(_sum:_result)-(_res_total_cost:total_cost)": [
                    [
                        198.9919881247534,
                        33.431088770280596
                    ],
                    [
                        208.9919881247534,
                        33.431088770280596
                    ],
                    [
                        223.95112712407658,
                        33.431088770280596
                    ],
                    [
                        223.95112712407658,
                        33.431088770280596
                    ],
                    [
                        238.91026612339977,
                        33.431088770280596
                    ],
                    [
                        248.91026612339977,
                        33.431088770280596
                    ]
                ]
            }
        }
    }
}