{
    "styles": {
        "Regular-No-IF_OWN_ICON_EXISTS": {
            "nodes": {
                "_fun_money": [
                    0.0,
                    0.0
                ],
                "_fun_money/_extrar-money": [
                    101.90114594228612,
                    3.0732401554039717
                ],
                "_res_energy": [
                    187.34461263791772,
                    0.0
                ],
                "_res_energy/_extraf-energy": [
                    14.236414593880532,
                    45.9310887702806
                ],
                "_invmultvalue": [
                    86.80281576002668,
                    0.60456949966159
                ]
            },
            "edges": {
                "_fun_money/_extrar-money-edge-0": [
                    [
                        39.04139201087272,
                        10.465544385140298
                    ],
                    [
                        49.04139201087272,
                        10.465544385140298
                    ],
                    [
                        70.47126897657942,
                        10.465544385140298
                    ],
                    [
                        70.47126897657942,
                        10.4655443851403
                    ],
                    [
                        91.90114594228612,
                        10.4655443851403
                    ],
                    [
                        101.90114594228612,
                        10.4655443851403
                    ]
                ],
                "_res_energy/_extraf-energy-edge-0": [
                    [
                        27.566401166146157,
                        53.32339300001693
                    ],
                    [
                        37.56640116614616,
                        53.32339300001693
                    ],
                    [
                        58.565320337663394,
                        53.32339300001693
                    ],
                    [
                        58.565320337663394,
                        53.32339300001693
                    ],
                    [
                        79.56423950918064,
                        53.32339300001693
                    ],
                    [
                        89.56423950918064,
                        53.32339300001693
                    ]
                ],
                "(_fun_money:money)-(_invmultvalue:_result)": [
                    [
                        39.04139201087272,
                        10.465544385140298
                    ],
                    [
                        49.04139201087272,
                        10.465544385140298
                    ],
                    [
                        64.00053101019589,
                        10.465544385140298
                    ],
                    [
                        64.00053101019589,
                        10.465544385140298
                    ],
                    [
                        78.95967000951906,
                        10.465544385140298
                    ],
                    [
                        88.95967000951906,
                        10.465544385140298
                    ]
                ],
                "(_invmultvalue:_op)-(_res_energy:energy)": [
                    [
                        140.18775838842532,
                        10.465544385140298
                    ],
                    [
                        150.18775838842532,
                        10.465544385140298
                    ],
                    [
                        148.1060363870717,
                        10.465544385140298
                    ],
                    [
                        148.1060363870717,
                        10.465544385140298
                    ],
                    [
                        180.1060363870717,
                        10.465544385140298
                    ],
                    [
                        190.1060363870717,
                        10.465544385140298
                    ]
                ]
            }
        }
    }
}