{
    "styles": {
        "Regular-No-IF_OWN_ICON_EXISTS": {
            "nodes": {
                "_fun_FATH": [
                    0.0,
                    3.0
                ],
                "_fun_FATH/_extrar-FATH": [
                    249.05416107900487,
                    97.79372051075669
                ],
                "_res_faculty_hours_per_week": [
                    207.08573405911585,
                    0.0
                ],
                "_res_faculty_hours_per_week/_extraf-faculty_hours_per_week": [
                    29.50030772132194,
                    131.92003276517056
                ],
                "_res_num_faculty": [
                    240.790613819858,
                    48.67300135680064
                ],
                "_res_num_faculty/_extraf-num_faculty": [
                    29.50030772132194,
                    46.03229421461651
                ],
                "_fun_num_faculty": [
                    84.66093953932352,
                    48.67300135680064
                ],
                "_fun_num_faculty/_extrar-num_faculty": [
                    185.62998200185646,
                    88.97616348989354
                ],
                "_invmult": [
                    109.95064392668043,
                    3.359292857815886
                ],
                "_invmult/_extraf-_result": [
                    0.0,
                    6.088424939339508
                ]
            },
            "edges": {
                "_fun_FATH/_extrar-FATH-edge-0": [
                    [
                        119.20562235755237,
                        105.22144267872542
                    ],
                    [
                        129.2056223575524,
                        105.22144267872542
                    ],
                    [
                        184.12989171827863,
                        105.22144267872542
                    ],
                    [
                        184.12989171827863,
                        105.22144267872544
                    ],
                    [
                        239.05416107900487,
                        105.22144267872544
                    ],
                    [
                        249.05416107900487,
                        105.22144267872544
                    ]
                ],
                "_res_faculty_hours_per_week/_extraf-faculty_hours_per_week-edge-0": [
                    [
                        47.924486798470376,
                        139.3477549331393
                    ],
                    [
                        57.924486798470376,
                        139.3477549331393
                    ],
                    [
                        86.55535253370834,
                        139.3477549331393
                    ],
                    [
                        86.55535253370834,
                        139.34775493313933
                    ],
                    [
                        115.18621826894632,
                        139.34775493313933
                    ],
                    [
                        125.18621826894632,
                        139.34775493313933
                    ]
                ],
                "_res_num_faculty/_extraf-num_faculty-edge-0": [
                    [
                        47.924486798470376,
                        53.460016382585266
                    ],
                    [
                        57.924486798470376,
                        53.460016382585266
                    ],
                    [
                        103.40779241407944,
                        53.460016382585266
                    ],
                    [
                        103.40779241407944,
                        53.460016382585266
                    ],
                    [
                        148.8910980296885,
                        53.460016382585266
                    ],
                    [
                        158.8910980296885,
                        53.460016382585266
                    ]
                ],
                "_fun_num_faculty/_extrar-num_faculty-edge-0": [
                    [
                        74.66337077063835,
                        96.40388565786228
                    ],
                    [
                        84.66337077063835,
                        96.40388565786228
                    ],
                    [
                        130.1466763862474,
                        96.40388565786228
                    ],
                    [
                        130.1466763862474,
                        96.40388565786229
                    ],
                    [
                        175.62998200185646,
                        96.40388565786229
                    ],
                    [
                        185.62998200185646,
                        96.40388565786229
                    ]
                ],
                "(_fun_num_faculty:num_faculty)-(_res_num_faculty:num_faculty)": [
                    [
                        159.32431030996187,
                        59.1891484641089
                    ],
                    [
                        169.32431030996187,
                        59.1891484641089
                    ],
                    [
                        169.552037569012,
                        59.1891484641089
                    ],
                    [
                        169.552037569012,
                        59.1891484641089
                    ],
                    [
                        233.552037569012,
                        59.1891484641089
                    ],
                    [
                        243.552037569012,
                        59.1891484641089
                    ]
                ],
                "(_invmult:faculty_hours_per_week)-(_res_faculty_hours_per_week:faculty_hours_per_week)": [
                    [
                        134.63917542226656,
                        10.516147107308267
                    ],
                    [
                        144.63917542226656,
                        10.516147107308267
                    ],
                    [
                        172.2431666152682,
                        10.516147107308267
                    ],
                    [
                        172.2431666152682,
                        10.516147107308264
                    ],
                    [
                        199.8471578082698,
                        10.516147107308264
                    ],
                    [
                        209.8471578082698,
                        10.516147107308264
                    ]
                ],
                "(_invmult:num_faculty)-(_res_num_faculty:num_faculty)": [
                    [
                        134.63917542226656,
                        16.516147107308267
                    ],
                    [
                        144.63917542226656,
                        16.516147107308267
                    ],
                    [
                        189.0956064956393,
                        16.516147107308267
                    ],
                    [
                        189.0956064956393,
                        59.1891484641089
                    ],
                    [
                        233.552037569012,
                        59.1891484641089
                    ],
                    [
                        243.552037569012,
                        59.1891484641089
                    ]
                ],