{
    "styles": {
        "Regular-No-IF_OWN_ICON_EXISTS": {
            "nodes": {
                "_fun_budget": [
                    0.0,
                    23.016147107308257
                ],
                "_fun_budget/_extrar-budget": [
                    239.14813792440827,
                    94.548443868911
                ],
                "_res_num_residents": [
                    301.1103932804572,
                    0.0
                ],
                "_res_num_residents/_extraf-num_residents": [
                    12.871149701302407,
                    92.06458842923305
                ],
                "_res_num_patients_seen": [
                    287.94703268475405,
                    46.03229421461653
                ],
                "_res_num_patients_seen/_extraf-num_patients_seen": [
                    12.871149701302407,
                    46.03229421461653
                ],
                "_invmultvalue": [
                    161.01186422483175,
                    0.6045694996615829
                ],
                "_invmultvalue1": [
                    161.01186422483175,
                    46.636863714278114
                ],
                "_invplus": [
                    89.16647847975322,
                    23.375439965124148
                ],
                "_invmultvalue/_extraf-_result": [
                    0.0,
                    3.0884249393395082
                ],
                "_invmultvalue1/_extraf-_result": [
                    0.0,
                    49.120719153956045
                ]
            },
            "edges": {
                "_fun_budget/_extrar-budget-edge-0": [
                    [
                        123.71357879783226,
                        101.97616603687973
                    ],
                    [
                        133.71357879783227,
                        101.97616603687973
                    ],
                    [
                        133.14813792440827,
                        101.97616603687973
                    ],
                    [
                        133.14813792440827,
                        101.97616603687973
                    ],
                    [
                        229.14813792440827,
                        101.97616603687973
                    ],
                    [
                        239.14813792440827,
                        101.97616603687975
                    ]
                ],
                "_res_num_residents/_extraf-num_residents-edge-0": [
                    [
                        31.295328778450845,
                        99.49231059720181
                    ],
                    [
                        41.295328778450845,
                        99.49231059720181
                    ],
                    [
                        68.19329580153062,
                        99.49231059720181
                    ],
                    [
                        68.19329580153062,
                        99.4923105972018
                    ],
                    [
                        95.0912628246104,
                        99.4923105972018
                    ],
                    [
                        105.0912628246104,
                        99.4923105972018
                    ]
                ],
                "_res_num_patients_seen/_extraf-num_patients_seen-edge-0": [
                    [
                        31.295328778450845,
                        53.46001638258528
                    ],
                    [
                        41.295328778450845,
                        53.46001638258528
                    ],
                    [
                        61.61161550367906,
                        53.46001638258528
                    ],
                    [
                        61.61161550367906,
                        53.460016382585266
                    ],
                    [
                        81.92790222890727,
                        53.460016382585266
                    ],
                    [
                        91.92790222890727,
                        53.460016382585266
                    ]
                ],
                "(_fun_budget:budget)-(_invplus:_result)": [
                    [
                        41.40505473059928,
                        33.53229421461652
                    ],
                    [
                        51.40505473059928,
                        33.53229421461652
                    ],
                    [
                        66.36419372992245,
                        33.53229421461652
                    ],
                    [
                        66.36419372992245,
                        33.53229421461653
                    ],
                    [
                        81.3233327292456,
                        33.53229421461653
                    ],
                    [
                        91.3233327292456,
                        33.53229421461653
                    ]
                ],
                "(_invmultvalue:_op)-(_res_num_residents:num_residents)": [
                    [
                        240.79017843526162,
                        10.51614710730826
                    ],
                    [
                        250.79017843526162,
                        10.51614710730826
                    ],
                    [
                        272.33099773243634,
                        10.51614710730826
                    ],
                    [
                        272.33099773243634,
                        10.516147107308264
                    ],
                    [
                        293.8718170296111,
                        10.516147107308264
                    ],
                    [
                        303.8718170296111,
                        10.516147107308264
                    ]
                ],
                "(_invmultvalue1:_op)-(_res_num_patients_seen:num_patients_seen)": [
                    [
                        240.79017843526162,
                        56.54844132192479
                    ],
                    [
                        250.79017843526162,
                        56.54844132192479
                    ],
                    [
                        265.7493174345848,
                        56.54844132192479
                    ],
                    [
                        265.7493174345848,
                        56.548441321924784
                    ],
                    [
                        280.708456433908,
                        56.548441321924784
                    ],
                    [
                        290.708456433908,
                        56.548441321924784
                    ]
                ],
                "(_invplus:_invmultvalue1__result)-(_invmultvalue1:_result)": [
                    [
                        113.85500997533936,
                        36.53229421461653
                    ],
                    [
                        123.85500997533936,
                        36.53229421461653
                    ],
                    [
                        138.51186422483175,
                        36.53229421461653
                    ],
                    [
                        138.51186422483175,
                        56.54844132192479
                    ],
                    [
                        153.16871847432412,
                        56.54844132192479
                    ],
                    [
                        163.16871847432412,
                        56.54844132192479
                    ]
                ],