{
    "styles": {
        "Regular-No-IF_OWN_ICON_EXISTS": {
            "nodes": {
                "_fun_budget": [
                    0.0,
                    0.0
                ],
                "_fun_budget/_extrar-budget": [
                    137.95526886709084,
                    3.0884249393395082
                ],
                "_res_num_residents": [
                    102.32983907545639,
                    42.94386927527701
                ],
                "_res_num_residents/_extraf-num_residents": [
                    12.871149701302407,
                    46.03229421461653
                ],
                "_res_num_patients_seen": [
                    89.16647847975327,
                    88.97616348989354
                ],
                "_res_num_patients_seen/_extraf-num_patients_seen": [
                    12.871149701302407,
                    92.06458842923305
                ]
            },
            "edges": {
                "_fun_budget/_extrar-budget-edge-0": [
                    [
                        41.40505473059928,
                        10.516147107308264
                    ],
                    [
                        51.40505473059928,
                        10.516147107308264
                    ],
                    [
                        89.68016179884506,
                        10.516147107308264
                    ],
                    [
                        89.68016179884506,
                        10.516147107308258
                    ],
                    [
                        127.95526886709084,
                        10.516147107308258
                    ],
                    [
                        137.95526886709084,
                        10.516147107308258
                    ]
                ],
                "_res_num_residents/_extraf-num_residents-edge-0": [
                    [
                        31.295328778450845,
                        53.46001638258528
                    ],
                    [
                        41.295328778450845,
                        53.46001638258528
                    ],
                    [
                        68.19329580153061,
                        53.46001638258528
                    ],
                    [
                        68.19329580153061,
                        53.460016382585266
                    ],
                    [
                        95.09126282461037,
                        53.460016382585266
                    ],
                    [
                        105.09126282461037,
                        53.460016382585266
                    ]
                ],
                "_res_num_patients_seen/_extraf-num_patients_seen-edge-0": [
                    [
                        31.295328778450845,
                        99.49231059720181
                    ],
                    [
                        41.295328778450845,
                        99.49231059720181
                    ],
                    [
                        61.61161550367905,
                        99.49231059720181
                    ],
                    [
                        61.61161550367905,
                        99.4923105972018
                    ],
                    [
                        81.92790222890724,
                        99.4923105972018
                    ],
                    [
                        91.92790222890724,
                        99.4923105972018
                    ]
                ]
            }
        }
    }
}