{
    "styles": {
        "Regular-No-IF_OWN_ICON_EXISTS": {
            "nodes": {
                "_fun_res_constrained_by_cost": [
                    17.189010620117188,
                    0.0
                ],
                "_fun_res_constrained_by_cost/_extrar-res_constrained_by_cost": [
                    223.4660390266282,
                    3.088424939339501
                ],
                "_fun_res_constrained_by_ratio": [
                    15.262825012207031,
                    0.0
                ],
                "_fun_res_constrained_by_ratio/_extrar-res_constrained_by_ratio": [
                    286.29795838125096,
                    3.088424939339504
                ],
                "_fun_res_constrained_by_classroom": [
                    0.0,
                    46.03229421461653
                ],
                "_fun_res_constrained_by_classroom/_extrar-res_constrained_by_classroom": [
                    286.29795838125096,
                    49.12071915395603
                ],
                "_fun_res_constrained_by_patient": [
                    8.511184692382812,
                    92.06458842923305
                ],
                "_fun_res_constrained_by_patient/_extrar-res_constrained_by_patient": [
                    286.29795838125096,
                    95.15301336857257
                ],
                "_res_res_constrained_by_cost": [
                    280.4151845373317,
                    0.0
                ],
                "_res_res_constrained_by_cost/_extraf-res_constrained_by_cost": [
                    63.978304547493806,
                    3.0884249393395056
                ],
                "_res_res_constrained_by_classroom": [
                    263.22617391721457,
                    92.06458842923305
                ],
                "_res_res_constrained_by_patient": [
                    271.7373586095974,
                    138.0968826438496
                ],
                "_res_res_constrained_by_ratio": [
                    278.4889989294216,
                    46.03229421461653
                ],
                "_res_res_constrained_by_classroom/_extraf-res_constrained_by_classroom": [
                    195.5913915061011,
                    95.15301336857257
                ],
                "_res_res_constrained_by_patient/_extraf-res_constrained_by_patient": [
                    195.5913915061011,
                    141.18530758318911
                ],
                "_res_res_constrained_by_ratio/_extraf-res_constrained_by_ratio": [
                    63.978304547493806,
                    141.18530758318911
                ],
                "_fun_resulting_num_residents": [
                    0.0,
                    23.016147107308257
                ],
                "_fun_resulting_num_residents/_extrar-resulting_num_residents": [
                    271.40171814687596,
                    184.1291768584661
                ],
                "_f_meet_n": [
                    191.38078817213608,
                    23.37543996512414
                ]
            },
            "edges": {
                "_fun_res_constrained_by_cost/_extrar-res_constrained_by_cost-edge-0": [
                    [
                        158.51560465735707,
                        10.516147107308264
                    ],
                    [
                        168.51560465735707,
                        10.516147107308264
                    ],
                    [
                        190.99082184199264,
                        10.516147107308264
                    ],
                    [
                        190.99082184199264,
                        10.516147107308251
                    ],
                    [
                        213.4660390266282,
                        10.516147107308251
                    ],
                    [
                        223.4660390266282,
                        10.516147107308251
                    ]
                ],
                "_fun_res_constrained_by_ratio/_extrar-res_constrained_by_ratio-edge-0": [
                    [
                        160.44179026526723,
                        10.516147107308264
                    ],
                    [
                        170.44179026526723,
                        10.516147107308264
                    ],
                    [
                        223.3698743232591,
                        10.516147107308264
                    ],
                    [
                        223.3698743232591,
                        10.516147107308253
                    ],
                    [
                        276.29795838125096,
                        10.516147107308253
                    ],
                    [
                        286.29795838125096,
                        10.516147107308253
                    ]
                ],
                "_fun_res_constrained_by_classroom/_extrar-res_constrained_by_classroom-edge-0": [
                    [
                        175.70461527747426,
                        56.548441321924784
                    ],
                    [
                        185.70461527747426,
                        56.548441321924784
                    ],
                    [
                        231.0012868293626,
                        56.548441321924784
                    ],
                    [
                        231.0012868293626,
                        56.548441321924784
                    ],
                    [
                        276.29795838125096,
                        56.548441321924784
                    ],
                    [
                        286.29795838125096,
                        56.548441321924784
                    ]
                ],
                "_fun_res_constrained_by_patient/_extrar-res_constrained_by_patient-edge-0": [
                    [
                        167.19343058509145,
                        102.58073553654131
                    ],
                    [
                        177.19343058509145,
                        102.58073553654131
                    ],
                    [
                        226.7456944831712,
                        102.58073553654131
                    ],
                    [
                        226.7456944831712,
                        102.58073553654133
                    ],
                    [
                        276.29795838125096,
                        102.58073553654133
                    ],
                    [
                        286.29795838125096,
                        102.58073553654133
                    ]
                ],
                "_res_res_constrained_by_cost/_extraf-res_constrained_by_cost-edge-0": [
                    [
                        82.40248362464224,
                        10.516147107308267
                    ],
                    [
                        92.40248362464224,
                        10.516147107308267
                    ],
                    [
                        146.86685308302472,
                        10.516147107308267
                    ],
                    [
                        146.86685308302472,
                        10.516147107308264
                    ],
                    [
                        201.3312225414072,
                        10.516147107308264
                    ],
                    [
                        211.3312225414072,
                        10.516147107308264
                    ]
                ],