{
    "styles": {
        "Regular-No-IF_OWN_ICON_EXISTS": {
            "nodes": {
                "_fun_resulting_RATH_classroom": [
                    0.0,
                    23.016147107308264
                ],
                "_res_RATH_class_constrained_FATH": [
                    200.06530507887436,
                    0.0
                ],
                "_res_RATH_class_constrained_hrs_wk": [
                    189.62125142897202,
                    46.03229421461653
                ],
                "_f_meet_n": [
                    206.64362081373758,
                    23.62071660696985
                ],
                "_fun_resulting_RATH_pa": [
                    0.0,
                    0.0
                ],
                "_fun_resulting_RATH_pa/_extrar-resulting_RATH_pa": [
                    252.69978333242284,
                    3.0884249393395082
                ],
                "_res_RATH_class_constrained_FATH/_extraf-RATH_class_constrained_FATH": [
                    63.098536175911775,
                    3.088424939339511
                ],
                "_res_RATH_class_constrained_hrs_wk/_extraf-RATH_class_constrained_hrs_wk": [
                    63.098536175911775,
                    49.120719153956045
                ],
                "_fun_resulting_RATH_patient": [
                    0.0,
                    0.0
                ],
                "_fun_resulting_RATH_patient/_extrar-resulting_RATH_patient": [
                    285.24494934804784,
                    3.088424939339511
                ],
                "_res_RATH_patient_constrained_hrs_wk": [
                    189.62125142897202,
                    42.94386927527701
                ],
                "_res_RATH_patient_constrained_hrs_wk/_extraf-RATH_patient_constrained_hrs_wk": [
                    63.098536175911775,
                    46.03229421461653
                ],
                "_res_RATH_patient_constrained_FATH": [
                    193.5802586921556,
                    88.97616348989354
                ],
                "_res_RATH_patient_constrained_FATH/_extraf-RATH_patient_constrained_FATH": [
                    63.098536175911775,
                    92.06458842923305
                ]
            },
            "edges": {
                "(_f_meet_n:RATH_class_constrained_FATH)-(_res_RATH_class_constrained_FATH:RATH_class_constrained_FATH)": [
                    [
                        271.8255910300268,
                        36.53229421461653
                    ],
                    [
                        281.8255910300268,
                        36.53229421461653
                    ],
                    [
                        298.76423366094184,
                        36.53229421461653
                    ],
                    [
                        298.76423366094184,
                        56.548441321924784
                    ],
                    [
                        315.7028762918568,
                        56.548441321924784
                    ],
                    [
                        325.7028762918568,
                        56.548441321924784
                    ]
                ],
                "(_f_meet_n:RATH_class_constrained_hrs_wk)-(_res_RATH_class_constrained_hrs_wk:RATH_class_constrained_hrs_wk)": [
                    [
                        271.8255910300268,
                        30.53229421461653
                    ],
                    [
                        281.8255910300268,
                        30.53229421461653
                    ],
                    [
                        296.78473002935004,
                        30.53229421461653
                    ],
                    [
                        296.78473002935004,
                        10.516147107308264
                    ],
                    [
                        311.7438690286732,
                        10.516147107308264
                    ],
                    [
                        321.7438690286732,
                        10.516147107308264
                    ]
                ],
                "(_fun_resulting_RATH_classroom:resulting_RATH_classroom)-(_f_meet_n:_res)": [
                    [
                        158.88219706458364,
                        33.53229421461653
                    ],
                    [
                        168.88219706458364,
                        33.53229421461653
                    ],
                    [
                        183.8413360639068,
                        33.53229421461653
                    ],
                    [
                        183.8413360639068,
                        33.53229421461653
                    ],
                    [
                        198.80047506322995,
                        33.53229421461653
                    ],
                    [
                        208.80047506322995,
                        33.53229421461653
                    ]
                ],
                "_fun_resulting_RATH_pa/_extrar-resulting_RATH_pa-edge-0": [
                    [
                        115.79970805091179,
                        10.516147107308264
                    ],
                    [
                        125.79970805091179,
                        10.516147107308264
                    ],
                    [
                        122.69978333242284,
                        10.516147107308264
                    ],
                    [
                        122.69978333242284,
                        10.516147107308264
                    ],
                    [
                        242.69978333242284,
                        10.516147107308264
                    ],
                    [
                        252.69978333242284,
                        10.516147107308258
                    ]
                ],
                "_res_RATH_class_constrained_FATH/_extraf-RATH_class_constrained_FATH-edge-0": [
                    [
                        81.52271525306021,
                        10.51614710730826
                    ],
                    [
                        91.52271525306021,
                        10.51614710730826
                    ],
                    [
                        142.17472204054425,
                        10.51614710730826
                    ],
                    [
                        142.17472204054425,
                        10.516147107308264
                    ],
                    [
                        192.8267288280283,
                        10.516147107308264
                    ],
                    [
                        202.8267288280283,
                        10.516147107308264
                    ]
                ],
                "_res_RATH_class_constrained_hrs_wk/_extraf-RATH_class_constrained_hrs_wk-edge-0": [
                    [
                        81.52271525306021,
                        56.5484413219248
                    ],
                    [
                        91.52271525306021,
                        56.5484413219248
                    ],
                    [
                        136.95269521559308,
                        56.5484413219248
                    ],
                    [
                        136.95269521559308,
                        56.548441321924784
                    ],
                    [
                        182.38267517812596,
                        56.548441321924784
                    ],
                    [
                        192.38267517812596,
                        56.548441321924784
                    ]
                ],