{
    "styles": {
        "Regular-No-IF_OWN_ICON_EXISTS": {
            "nodes": {
                "_fun_resulting_RATH_classroom": [
                    0.0,
                    22.965544385140298
                ],
                "_fun_resulting_RATH_classroom/_extrar-resulting_RATH_classroom": [
                    291.044914252833,
                    3.073240155403975
                ],
                "_res_RATH_constrained_hrs_wk": [
                    199.35916646803452,
                    42.85784861487663
                ],
                "_res_RATH_constrained_hrs_wk/_extraf-RATH_constrained_hrs_wk": [
                    70.51458994788443,
                    45.9310887702806
                ],
                "_res_RATH_class_constrained_hrs_wk": [
                    318.9824452795192,
                    0.0
                ],
                "_res_RATH_class_constrained_hrs_wk/_extraf-RATH_class_constrained_hrs_wk": [
                    70.51458994788443,
                    45.9310887702806
                ],
                "_res_RATH_class_constrained_FATH": [
                    322.9414525427028,
                    45.931088770280596
                ],
                "_res_RATH_class_constrained_FATH/_extraf-RATH_class_constrained_FATH": [
                    70.51458994788443,
                    91.86217754056119
                ],
                "_f_meet_n": [
                    206.64362081373758,
                    23.570113884801888
                ]
            },
            "edges": {
                "_fun_resulting_RATH_classroom/_extrar-resulting_RATH_classroom-edge-0": [
                    [
                        151.5977427188805,
                        10.465544385140298
                    ],
                    [
                        161.5977427188805,
                        10.465544385140298
                    ],
                    [
                        221.32132848585675,
                        10.465544385140298
                    ],
                    [
                        221.32132848585675,
                        10.465544385140303
                    ],
                    [
                        281.044914252833,
                        10.465544385140303
                    ],
                    [
                        291.044914252833,
                        10.465544385140303
                    ]
                ],
                "_res_RATH_constrained_hrs_wk/_extraf-RATH_constrained_hrs_wk-edge-0": [
                    [
                        83.84457652015006,
                        53.32339300001693
                    ],
                    [
                        93.84457652015006,
                        53.32339300001693
                    ],
                    [
                        142.98258336866925,
                        53.32339300001693
                    ],
                    [
                        142.98258336866925,
                        53.32339300001693
                    ],
                    [
                        192.12059021718846,
                        53.32339300001693
                    ],
                    [
                        202.12059021718846,
                        53.32339300001693
                    ]
                ],
                "_res_RATH_class_constrained_hrs_wk/_extraf-RATH_class_constrained_hrs_wk-edge-0": [
                    [
                        83.84457652015006,
                        53.32339300001693
                    ],
                    [
                        93.84457652015006,
                        53.32339300001693
                    ],
                    [
                        142.98258336866925,
                        53.32339300001693
                    ],
                    [
                        142.98258336866925,
                        53.32339300001693
                    ],
                    [
                        192.12059021718846,
                        53.32339300001693
                    ],
                    [
                        202.12059021718846,
                        53.32339300001693
                    ]
                ],
                "_res_RATH_class_constrained_FATH/_extraf-RATH_class_constrained_FATH-edge-0": [
                    [
                        83.84457652015006,
                        99.25448177029752
                    ],
                    [
                        93.84457652015006,
                        99.25448177029752
                    ],
                    [
                        144.96208700026105,
                        99.25448177029752
                    ],
                    [
                        144.96208700026105,
                        99.25448177029752
                    ],
                    [
                        196.07959748037206,
                        99.25448177029752
                    ],
                    [
                        206.07959748037206,
                        99.25448177029752
                    ]
                ],
                "(_f_meet_n:RATH_class_constrained_FATH)-(_res_RATH_class_constrained_FATH:RATH_class_constrained_FATH)": [
                    [
                        271.8255910300268,
                        36.431088770280596
                    ],
                    [
                        281.8255910300268,
                        36.431088770280596
                    ],
                    [
                        298.7642336609418,
                        36.431088770280596
                    ],
                    [
                        298.7642336609418,
                        56.39663315542089
                    ],
                    [
                        315.70287629185674,
                        56.39663315542089
                    ],
                    [
                        325.70287629185674,
                        56.39663315542089
                    ]
                ],
                "(_f_meet_n:RATH_class_constrained_hrs_wk)-(_res_RATH_class_constrained_hrs_wk:RATH_class_constrained_hrs_wk)": [
                    [
                        271.8255910300268,
                        30.431088770280596
                    ],
                    [
                        281.8255910300268,
                        30.431088770280596
                    ],
                    [
                        296.78473002935,
                        30.431088770280596
                    ],
                    [
                        296.78473002935,
                        10.465544385140298
                    ],
                    [
                        311.74386902867315,
                        10.465544385140298
                    ],
                    [
                        321.74386902867315,
                        10.465544385140298
                    ]
                ],
                "(_fun_resulting_RATH_classroom:resulting_RATH_classroom)-(_f_meet_n:_res)": [
                    [
                        158.88219706458364,
                        33.431088770280596
                    ],
                    [
                        168.88219706458364,
                        33.431088770280596
                    ],
                    [
                        183.8413360639068,
                        33.431088770280596
                    ],
                    [
                        183.8413360639068,
                        33.431088770280596
                    ],
                    [
                        198.80047506322995,
                        33.431088770280596
                    ],
                    [
                        208.80047506322995,
                        33.431088770280596
                    ]
                ]
            }
        }
    }
}