{
    "styles": {
        "Regular-No-IF_OWN_ICON_EXISTS": {
            "nodes": {
                "_fun_capacity": [
                    0.0,
                    0.0
                ],
                "_fun_capacity/_extrar-capacity": [
                    96.80455526197983,
                    3.0884249393395136
                ],
                "_fun_number_of_residents": [
                    29.819183349609368,
                    0.0
                ],
                "_fun_quality_of_ATH": [
                    230.29103597487043,
                    68.68914846410891
                ],
                "_fun_number_of_residents/_extrar-number_of_residents": [
                    230.2910359748704,
                    3.0884249393395082
                ],
                "_fun_quality_of_ATH/_extrar-quality_of_ATH": [
                    415.1678288898128,
                    71.77757340344843
                ],
                "_fun_resident_hours_per_week_class": [
                    0.0,
                    46.03229421461653
                ],
                "_fun_resident_hours_per_week_class/_extrar-resident_hours_per_week_class": [
                    230.2910359748704,
                    95.15301336857257
                ],
                "_prod": [
                    265.08501282316485,
                    23.37543996512414
                ],
                "_prod/_extrar-_res": [
                    415.1678288898128,
                    26.10457204664777
                ],
                "_res_total_FATH_class": [
                    371.7243754165378,
                    111.6330177393859
                ],
                "_res_total_FATH_class/_extraf-total_FATH_class": [
                    269.29561615712987,
                    114.72144267872542
                ]
            },
            "edges": {
                "_fun_capacity/_extrar-capacity-edge-0": [
                    [
                        49.043131512825845,
                        10.516147107308264
                    ],
                    [
                        59.043131512825845,
                        10.516147107308264
                    ],
                    [
                        72.92384338740284,
                        10.516147107308264
                    ],
                    [
                        72.92384338740284,
                        10.516147107308264
                    ],
                    [
                        86.80455526197983,
                        10.516147107308264
                    ],
                    [
                        96.80455526197983,
                        10.516147107308264
                    ]
                ],
                "_fun_number_of_residents/_extrar-number_of_residents-edge-0": [
                    [
                        152.7104288761071,
                        10.516147107308264
                    ],
                    [
                        162.7104288761071,
                        10.516147107308264
                    ],
                    [
                        191.50073242548876,
                        10.516147107308264
                    ],
                    [
                        191.50073242548876,
                        10.516147107308258
                    ],
                    [
                        220.2910359748704,
                        10.516147107308258
                    ],
                    [
                        230.2910359748704,
                        10.516147107308258
                    ]
                ],
                "_fun_quality_of_ATH/_extrar-quality_of_ATH-edge-0": [
                    [
                        323.9629516673838,
                        79.20529557141717
                    ],
                    [
                        333.9629516673838,
                        79.20529557141717
                    ],
                    [
                        333.1678288898128,
                        79.20529557141717
                    ],
                    [
                        333.1678288898128,
                        79.20529557141717
                    ],
                    [
                        405.1678288898128,
                        79.20529557141717
                    ],
                    [
                        415.1678288898128,
                        79.20529557141718
                    ]
                ],
                "_fun_resident_hours_per_week_class/_extrar-resident_hours_per_week_class-edge-0": [
                    [
                        182.52961222571645,
                        102.58073553654131
                    ],
                    [
                        192.52961222571645,
                        102.58073553654131
                    ],
                    [
                        206.41032410029342,
                        102.58073553654131
                    ],
                    [
                        206.41032410029342,
                        102.58073553654133
                    ],
                    [
                        220.2910359748704,
                        102.58073553654133
                    ],
                    [
                        230.2910359748704,
                        102.58073553654133
                    ]
                ],
                "(_fun_number_of_residents:number_of_residents)-(_prod:number_of_residents)": [
                    [
                        152.7104288761071,
                        10.516147107308264
                    ],
                    [
                        162.7104288761071,
                        10.516147107308264
                    ],
                    [
                        209.97614797438217,
                        10.516147107308264
                    ],
                    [
                        209.97614797438217,
                        30.53229421461652
                    ],
                    [
                        257.2418670726572,
                        30.53229421461652
                    ],
                    [
                        267.2418670726572,
                        30.53229421461652
                    ]
                ],
                "(_fun_resident_hours_per_week_class:resident_hours_per_week_class)-(_prod:resident_hours_per_week_class)": [
                    [
                        182.52961222571645,
                        56.548441321924784
                    ],
                    [
                        192.52961222571645,
                        56.548441321924784
                    ],
                    [
                        196.0,
                        56.548441321924784
                    ],
                    [
                        196.0,
                        36.53229421461652
                    ],
                    [
                        257.2418670726572,
                        36.53229421461652
                    ],
                    [
                        267.2418670726572,
                        36.53229421461652
                    ]
                ],