{
    "styles": {
        "Regular-No-IF_OWN_ICON_EXISTS": {
            "nodes": {
                "_fun_quality_of_patient_care": [
                    325.91606547423225,
                    226.46847663408153
                ],
                "_fun_quality_of_patient_care/_extrar-quality_of_patient_care": [
                    595.9605514627553,
                    229.55690157342104
                ],
                "_fun_quality_of_ATH_patient": [
                    324.0631983477674,
                    180.436182419465
                ],
                "_fun_quality_of_ATH_patient/_extrar-quality_of_ATH_patient": [
                    595.9605514627553,
                    183.52460735880453
                ],
                "_fun_number_of_residents_constrained_patient": [
                    0.0,
                    46.03229421461652
                ],
                "_fun_number_of_residents_constrained_patient/_extrar-number_of_residents_constrained_patient": [
                    339.8978500438486,
                    49.12071915395603
                ],
                "_fun_number_of_patients_seen": [
                    46.49497985839842,
                    0.0
                ],
                "_fun_number_of_patients_seen/_extrar-number_of_patients_seen": [
                    536.8772405109066,
                    71.7775734034484
                ],
                "_fun_resident_hours_per_week_patient": [
                    23.354110717773438,
                    92.06458842923304
                ],
                "_fun_resident_hours_per_week_patient/_extrar-resident_hours_per_week_patient": [
                    583.1589787921565,
                    186.61303229814405
                ],
                "_res_total_FATH_patient": [
                    546.0320516027615,
                    69.04844132192477
                ],
                "_res_total_FATH_patient/_extraf-total_FATH_patient": [
                    113.27258555335318,
                    230.16147107308262
                ],
                "_conversion": [
                    289.9693501838548,
                    0.6045694996615829
                ],
                "_prod": [
                    382.07800802076883,
                    69.40773417974064
                ],
                "_conversion1": [
                    289.9693501838548,
                    44.823155215293355
                ],
                "_divf": [
                    362.17786916578837,
                    135.61302720417166
                ],
                "_divf/_extraf-_res2": [
                    113.27258555335318,
                    138.09688264384957
                ]
            },
            "edges": {
                "_fun_quality_of_patient_care/_extrar-quality_of_patient_care-edge-0": [
                    [
                        462.32391256322995,
                        236.9846237413898
                    ],
                    [
                        472.32391256322995,
                        236.9846237413898
                    ],
                    [
                        529.1422320129926,
                        236.9846237413898
                    ],
                    [
                        529.1422320129926,
                        236.98462374138978
                    ],
                    [
                        585.9605514627553,
                        236.98462374138978
                    ],
                    [
                        595.9605514627553,
                        236.98462374138978
                    ]
                ],
                "_fun_quality_of_ATH_patient/_extrar-quality_of_ATH_patient-edge-0": [
                    [
                        464.1767796896948,
                        190.9523295267733
                    ],
                    [
                        474.1767796896948,
                        190.9523295267733
                    ],
                    [
                        530.068665576225,
                        190.9523295267733
                    ],
                    [
                        530.068665576225,
                        190.95232952677327
                    ],
                    [
                        585.9605514627553,
                        190.95232952677327
                    ],
                    [
                        595.9605514627553,
                        190.95232952677327
                    ]
                ],
                "_fun_number_of_residents_constrained_patient/_extrar-number_of_residents_constrained_patient-edge-0": [
                    [
                        242.20792643470082,
                        56.54844132192477
                    ],
                    [
                        252.20792643470082,
                        56.54844132192477
                    ],
                    [
                        291.0528882392747,
                        56.54844132192477
                    ],
                    [
                        291.0528882392747,
                        56.548441321924784
                    ],
                    [
                        329.8978500438486,
                        56.548441321924784
                    ],
                    [
                        339.8978500438486,
                        56.548441321924784
                    ]
                ],
                "_fun_number_of_patients_seen/_extrar-number_of_patients_seen-edge-0": [
                    [
                        439.1873169017588,
                        79.20529557141715
                    ],
                    [
                        449.1873169017588,
                        79.20529557141715
                    ],
                    [
                        488.0322787063327,
                        79.20529557141715
                    ],
                    [
                        488.0322787063327,
                        79.20529557141715
                    ],
                    [
                        526.8772405109066,
                        79.20529557141715
                    ],
                    [
                        536.8772405109066,
                        79.20529557141715
                    ]
                ],
                "_fun_resident_hours_per_week_patient/_extrar-resident_hours_per_week_patient-edge-0": [
                    [
                        485.4690551830087,
                        194.04075446611282
                    ],
                    [
                        495.4690551830087,
                        194.04075446611282
                    ],
                    [
                        493.1589787921565,
                        194.04075446611282
                    ],
                    [
                        493.1589787921565,
                        194.04075446611282
                    ],
                    [
                        573.1589787921565,
                        194.04075446611282
                    ],
                    [
                        583.1589787921565,
                        194.0407544661128
                    ]
                ],