{
    "styles": {
        "Regular-No-IF_OWN_ICON_EXISTS": {
            "nodes": {
                "_fun_quality_of_patient_care": [
                    291.8222173103197,
                    183.52460735880453
                ],
                "_fun_quality_of_patient_care/_extrar-quality_of_patient_care": [
                    527.7728551349301,
                    186.61303229814405
                ],
                "_fun_quality_of_ATH_patient": [
                    289.96935018385483,
                    137.492313144188
                ],
                "_fun_quality_of_ATH_patient/_extrar-quality_of_ATH_patient": [
                    527.7728551349301,
                    140.5807380835275
                ],
                "_fun_number_of_residents_constrained_patient": [
                    0.0,
                    0.0
                ],
                "_fun_number_of_residents_constrained_patient/_extrar-number_of_residents_constrained_patient": [
                    339.8978500438486,
                    49.12071915395603
                ],
                "_fun_number_of_patients_seen": [
                    46.49497985839844,
                    92.06458842923305
                ],
                "_fun_number_of_patients_seen/_extrar-number_of_patients_seen": [
                    536.8772405109066,
                    71.7775734034484
                ],
                "_fun_resident_hours_per_week_patient": [
                    23.354110717773438,
                    46.03229421461652
                ],
                "_fun_resident_hours_per_week_patient/_extrar-resident_hours_per_week_patient": [
                    583.1589787921565,
                    186.61303229814405
                ],
                "_res_total_FATH_patient": [
                    477.8443552749362,
                    47.53229421461652
                ],
                "_res_total_FATH_patient/_extraf-total_FATH_patient": [
                    113.27258555335318,
                    230.16147107308262
                ],
                "_conversion": [
                    289.9693501838548,
                    0.6045694996615829
                ],
                "_prod": [
                    347.98415985685625,
                    23.37543996512413
                ],
                "_conversion1": [
                    289.9693501838548,
                    44.823155215293355
                ],
                "_divf": [
                    328.0840210018758,
                    92.66915792889463
                ],
                "_divf/_extraf-_res2": [
                    113.27258555335318,
                    138.09688264384957
                ]
            },
            "edges": {
                "_fun_quality_of_patient_care/_extrar-quality_of_patient_care-edge-0": [
                    [
                        428.23006439931737,
                        194.04075446611282
                    ],
                    [
                        438.23006439931737,
                        194.04075446611282
                    ],
                    [
                        478.0014597671237,
                        194.04075446611282
                    ],
                    [
                        478.0014597671237,
                        194.0407544661128
                    ],
                    [
                        517.7728551349301,
                        194.0407544661128
                    ],
                    [
                        527.7728551349301,
                        194.0407544661128
                    ]
                ],
                "_fun_quality_of_ATH_patient/_extrar-quality_of_ATH_patient-edge-0": [
                    [
                        430.0829315257822,
                        148.00846025149627
                    ],
                    [
                        440.0829315257822,
                        148.00846025149627
                    ],
                    [
                        478.92789333035614,
                        148.00846025149627
                    ],
                    [
                        478.92789333035614,
                        148.00846025149625
                    ],
                    [
                        517.7728551349301,
                        148.00846025149625
                    ],
                    [
                        527.7728551349301,
                        148.00846025149625
                    ]
                ],
                "_fun_number_of_residents_constrained_patient/_extrar-number_of_residents_constrained_patient-edge-0": [
                    [
                        242.20792643470082,
                        56.54844132192477
                    ],
                    [
                        252.20792643470082,
                        56.54844132192477
                    ],
                    [
                        291.0528882392747,
                        56.54844132192477
                    ],
                    [
                        291.0528882392747,
                        56.548441321924784
                    ],
                    [
                        329.8978500438486,
                        56.548441321924784
                    ],
                    [
                        339.8978500438486,
                        56.548441321924784
                    ]
                ],
                "_fun_number_of_patients_seen/_extrar-number_of_patients_seen-edge-0": [
                    [
                        439.1873169017588,
                        79.20529557141715
                    ],
                    [
                        449.1873169017588,
                        79.20529557141715
                    ],
                    [
                        488.0322787063327,
                        79.20529557141715
                    ],
                    [
                        488.0322787063327,
                        79.20529557141715
                    ],
                    [
                        526.8772405109066,
                        79.20529557141715
                    ],
                    [
                        536.8772405109066,
                        79.20529557141715
                    ]
                ],
                "_fun_resident_hours_per_week_patient/_extrar-resident_hours_per_week_patient-edge-0": [
                    [
                        485.4690551830087,
                        194.04075446611282
                    ],
                    [
                        495.4690551830087,
                        194.04075446611282
                    ],
                    [
                        493.1589787921565,
                        194.04075446611282
                    ],
                    [
                        493.1589787921565,
                        194.04075446611282
                    ],
                    [
                        573.1589787921565,
                        194.04075446611282
                    ],
                    [
                        583.1589787921565,
                        194.0407544661128
                    ]
                ],