{
    "styles": {
        "Regular-No-IF_OWN_ICON_EXISTS": {
            "nodes": {
                "_fun_number_of_residents_fromRatio": [
                    0.0,
                    0.0
                ],
                "_res_number_of_faculty": [
                    335.28502706662863,
                    0.0
                ],
                "_mult": [
                    234.74323018873758,
                    0.6045694996615865
                ]
            },
            "edges": {
                "(_fun_number_of_residents_fromRatio:number_of_residents_fromRatio)-(_mult:_op)": [
                    [
                        186.98180643958364,
                        10.516147107308264
                    ],
                    [
                        196.98180643958364,
                        10.516147107308264
                    ],
                    [
                        211.9409454389068,
                        10.516147107308264
                    ],
                    [
                        211.9409454389068,
                        10.516147107308264
                    ],
                    [
                        226.90008443822995,
                        10.516147107308264
                    ],
                    [
                        236.90008443822995,
                        10.516147107308264
                    ]
                ],
                "(_mult:_res)-(_res_number_of_faculty:number_of_faculty)": [
                    [
                        288.1281728171362,
                        10.516147107308264
                    ],
                    [
                        298.1281728171362,
                        10.516147107308264
                    ],
                    [
                        313.0873118164594,
                        10.516147107308264
                    ],
                    [
                        313.0873118164594,
                        10.516147107308264
                    ],
                    [
                        328.0464508157826,
                        10.516147107308264
                    ],
                    [
                        338.0464508157826,
                        10.516147107308264
                    ]
                ]
            }
        }
    }
}