{
    "styles": {
        "Regular-No-IF_OWN_ICON_EXISTS": {
            "nodes": {
                "_fun_quality_of_patient_care": [
                    296.37440999830795,
                    68.68914846410891
                ],
                "_fun_quality_of_patient_care/_extrar-quality_of_patient_care": [
                    536.8772405109066,
                    71.7775734034484
                ],
                "_fun_quality_of_ATH_patient": [
                    294.5215428718431,
                    160.75373689334197
                ],
                "_fun_quality_of_ATH_patient/_extrar-quality_of_ATH_patient": [
                    536.8772405109066,
                    163.84216183268148
                ],
                "_fun_number_of_residents_constrained_patient": [
                    0.0,
                    0.0
                ],
                "_fun_number_of_residents_constrained_patient/_extrar-number_of_residents_constrained_patient": [
                    339.8978500438486,
                    49.12071915395603
                ],
                "_fun_number_of_patients_seen": [
                    289.96935018385483,
                    114.72144267872542
                ],
                "_fun_number_of_patients_seen/_extrar-number_of_patients_seen": [
                    536.8772405109066,
                    117.80986761806494
                ],
                "_fun_resident_hours_per_week_patient": [
                    23.354110717773438,
                    46.03229421461651
                ],
                "_fun_resident_hours_per_week_patient/_extrar-resident_hours_per_week_patient": [
                    583.1589787921565,
                    186.61303229814405
                ],
                "_res_total_FATH_patient": [
                    486.9487406509128,
                    23.016147107308257
                ],
                "_res_total_FATH_patient/_extraf-total_FATH_patient": [
                    113.27258555335318,
                    230.16147107308262
                ],
                "_conversion": [
                    318.23317566496166,
                    0.6045694996615829
                ],
                "_prod": [
                    352.53635254484453,
                    23.375439965124126
                ]
            },
            "edges": {
                "_fun_quality_of_patient_care/_extrar-quality_of_patient_care-edge-0": [
                    [
                        432.78225708730565,
                        79.20529557141717
                    ],
                    [
                        442.78225708730565,
                        79.20529557141717
                    ],
                    [
                        484.82974879910614,
                        79.20529557141717
                    ],
                    [
                        484.82974879910614,
                        79.20529557141715
                    ],
                    [
                        526.8772405109066,
                        79.20529557141715
                    ],
                    [
                        536.8772405109066,
                        79.20529557141715
                    ]
                ],
                "_fun_quality_of_ATH_patient/_extrar-quality_of_ATH_patient-edge-0": [
                    [
                        434.6351242137705,
                        171.26988400065025
                    ],
                    [
                        444.6351242137705,
                        171.26988400065025
                    ],
                    [
                        485.75618236233856,
                        171.26988400065025
                    ],
                    [
                        485.75618236233856,
                        171.26988400065022
                    ],
                    [
                        526.8772405109066,
                        171.26988400065022
                    ],
                    [
                        536.8772405109066,
                        171.26988400065022
                    ]
                ],
                "_fun_number_of_residents_constrained_patient/_extrar-number_of_residents_constrained_patient-edge-0": [
                    [
                        242.20792643470082,
                        56.54844132192477
                    ],
                    [
                        252.20792643470082,
                        56.54844132192477
                    ],
                    [
                        291.0528882392747,
                        56.54844132192477
                    ],
                    [
                        291.0528882392747,
                        56.548441321924784
                    ],
                    [
                        329.8978500438486,
                        56.548441321924784
                    ],
                    [
                        339.8978500438486,
                        56.548441321924784
                    ]
                ],
                "_fun_number_of_patients_seen/_extrar-number_of_patients_seen-edge-0": [
                    [
                        439.1873169017588,
                        125.23758978603368
                    ],
                    [
                        449.1873169017588,
                        125.23758978603368
                    ],
                    [
                        488.0322787063327,
                        125.23758978603368
                    ],
                    [
                        488.0322787063327,
                        125.2375897860337
                    ],
                    [
                        526.8772405109066,
                        125.2375897860337
                    ],
                    [
                        536.8772405109066,
                        125.2375897860337
                    ]
                ],
                "_fun_resident_hours_per_week_patient/_extrar-resident_hours_per_week_patient-edge-0": [
                    [
                        485.4690551830087,
                        194.04075446611282
                    ],
                    [
                        495.4690551830087,
                        194.04075446611282
                    ],
                    [
                        493.1589787921565,
                        194.04075446611282
                    ],
                    [
                        493.1589787921565,
                        194.04075446611282
                    ],
                    [
                        573.1589787921565,
                        194.04075446611282
                    ],
                    [
                        583.1589787921565,
                        194.0407544661128
                    ]
                ],
                "_res_total_FATH_patient/_extraf-total_FATH_patient-edge-0": [
                    [
                        131.6967646305016,
                        237.58919324105136
                    ],
                    [
                        141.6967646305016,
                        237.58919324105136
                    ],
                    [
                        212.2137692817552,
                        237.58919324105136
                    ],
                    [
                        212.2137692817552,
                        237.5891932410514
                    ],
                    [
                        282.7307739330088,
                        237.5891932410514
                    ],
                    [
                        292.7307739330088,
                        237.5891932410514
                    ]
                ],