{
    "styles": {
        "Regular-No-IF_OWN_ICON_EXISTS": {
            "nodes": {
                "_fun_number_of_residents_cost": [
                    0.0,
                    0.0
                ],
                "_fun_number_of_residents_cost/_extrar-number_of_residents_cost": [
                    258.1517028880869,
                    3.0884249393395082
                ],
                "_fun_salary": [
                    57.9387741088867,
                    46.03229421461653
                ],
                "_fun_salary/_extrar-salary": [
                    258.1517028880869,
                    49.120719153956045
                ],
                "_res_cost_of_residents_total": [
                    271.5840688146755,
                    23.016147107308264
                ],
                "_res_cost_of_residents_total/_extraf-cost_of_residents_total": [
                    68.15725199622428,
                    46.03229421461653
                ],
                "_fun_residentsalary": [
                    35.22447967529296,
                    85.88773855055402
                ],
                "_fun_residentsalary/_extrar-residentsalary": [
                    258.1517028880869,
                    88.97616348989354
                ],
                "_fun_resident_salary": [
                    31.81200408935546,
                    46.03229421461653
                ],
                "_fun_resident_salary/_extrar-resident_salary": [
                    258.1517028880869,
                    88.97616348989354
                ],
                "_prod": [
                    199.73868306959702,
                    23.375439965124148
                ]
            },
            "edges": {
                "_fun_number_of_residents_cost/_extrar-number_of_residents_cost-edge-0": [
                    [
                        151.977259320443,
                        10.516147107308264
                    ],
                    [
                        161.977259320443,
                        10.516147107308264
                    ],
                    [
                        205.06448110426496,
                        10.516147107308264
                    ],
                    [
                        205.06448110426496,
                        10.516147107308258
                    ],
                    [
                        248.1517028880869,
                        10.516147107308258
                    ],
                    [
                        258.1517028880869,
                        10.516147107308258
                    ]
                ],
                "_fun_salary/_extrar-salary-edge-0": [
                    [
                        94.03848521155629,
                        56.548441321924784
                    ],
                    [
                        104.03848521155629,
                        56.548441321924784
                    ],
                    [
                        176.0950940498216,
                        56.548441321924784
                    ],
                    [
                        176.0950940498216,
                        56.5484413219248
                    ],
                    [
                        248.1517028880869,
                        56.5484413219248
                    ],
                    [
                        258.1517028880869,
                        56.5484413219248
                    ]
                ],
                "_res_cost_of_residents_total/_extraf-cost_of_residents_total-edge-0": [
                    [
                        86.58143107337271,
                        53.46001638258528
                    ],
                    [
                        96.58143107337271,
                        53.46001638258528
                    ],
                    [
                        144.54076894606183,
                        53.46001638258528
                    ],
                    [
                        144.54076894606183,
                        53.460016382585266
                    ],
                    [
                        192.50010681875096,
                        53.460016382585266
                    ],
                    [
                        202.50010681875096,
                        53.460016382585266
                    ]
                ],
                "_fun_residentsalary/_extrar-residentsalary-edge-0": [
                    [
                        116.75277964515007,
                        96.40388565786228
                    ],
                    [
                        126.75277964515007,
                        96.40388565786228
                    ],
                    [
                        120.1517028880869,
                        96.40388565786228
                    ],
                    [
                        120.1517028880869,
                        96.40388565786228
                    ],
                    [
                        248.1517028880869,
                        96.40388565786228
                    ],
                    [
                        258.1517028880869,
                        96.40388565786229
                    ]
                ],
                "_fun_resident_salary/_extrar-resident_salary-edge-0": [
                    [
                        120.16525523108757,
                        96.40388565786228
                    ],
                    [
                        130.16525523108757,
                        96.40388565786228
                    ],
                    [
                        189.15847905958725,
                        96.40388565786228
                    ],
                    [
                        189.15847905958725,
                        96.40388565786229
                    ],
                    [
                        248.1517028880869,
                        96.40388565786229
                    ],
                    [
                        258.1517028880869,
                        96.40388565786229
                    ]
                ],
                "(_fun_number_of_residents_cost:number_of_residents_cost)-(_prod:number_of_residents_cost)": [
                    [
                        151.977259320443,
                        10.516147107308264
                    ],
                    [
                        161.977259320443,
                        10.516147107308264
                    ],
                    [
                        176.9363983197662,
                        10.516147107308264
                    ],
                    [
                        176.9363983197662,
                        30.532294214616527
                    ],
                    [
                        191.89553731908939,
                        30.532294214616527
                    ],
                    [
                        201.89553731908939,
                        30.532294214616527
                    ]
                ],
                "(_fun_resident_salary:resident_salary)-(_prod:resident_salary)": [
                    [
                        120.16525523108757,
                        56.548441321924784
                    ],
                    [
                        130.16525523108757,
                        56.548441321924784
                    ],
                    [
                        161.0303962750885,
                        56.548441321924784
                    ],
                    [
                        161.0303962750885,
                        36.53229421461653
                    ],
                    [
                        191.89553731908939,
                        36.53229421461653
                    ],
                    [
                        201.89553731908939,
                        36.53229421461653
                    ]
                ],