{
    "styles": {
        "Regular-No-IF_OWN_ICON_EXISTS": {
            "nodes": {
                "_fun_quality_resident_education": [
                    0.0,
                    0.0
                ],
                "_fun_quality_resident_education/_extrar-quality_resident_education": [
                    260.56446076162206,
                    3.0884249393395153
                ],
                "_res_hrs_class": [
                    241.26826986158918,
                    42.94386927527703
                ],
                "_res_hrs_class/_extraf-hrs_class": [
                    70.58331553382193,
                    46.03229421461653
                ],
                "_res_hrs_patients": [
                    232.15055593336652,
                    88.97616348989357
                ],
                "_res_hrs_patients/_extraf-hrs_patients": [
                    70.58331553382193,
                    92.06458842923307
                ],
                "_res_quality_ATH_class": [
                    213.70852407301496,
                    135.0084577045101
                ],
                "_res_quality_ATH_class/_extraf-quality_ATH_class": [
                    70.58331553382193,
                    138.09688264384963
                ],
                "_res_quality_ATH_patients": [
                    204.59081014479233,
                    181.04075191912662
                ],
                "_res_quality_ATH_patients/_extraf-quality_ATH_patients": [
                    70.58331553382193,
                    184.12917685846614
                ]
            },
            "edges": {
                "_fun_quality_resident_education/_extrar-quality_resident_education-edge-0": [
                    [
                        156.82938639563832,
                        10.516147107308264
                    ],
                    [
                        166.82938639563832,
                        10.516147107308264
                    ],
                    [
                        162.56446076162206,
                        10.516147107308264
                    ],
                    [
                        162.56446076162206,
                        10.516147107308264
                    ],
                    [
                        250.56446076162206,
                        10.516147107308264
                    ],
                    [
                        260.56446076162206,
                        10.516147107308266
                    ]
                ],
                "_res_hrs_class/_extraf-hrs_class-edge-0": [
                    [
                        89.00749461097037,
                        53.46001638258528
                    ],
                    [
                        99.00749461097037,
                        53.46001638258528
                    ],
                    [
                        166.51859411085675,
                        53.46001638258528
                    ],
                    [
                        166.51859411085675,
                        53.460016382585295
                    ],
                    [
                        234.02969361074315,
                        53.460016382585295
                    ],
                    [
                        244.02969361074315,
                        53.460016382585295
                    ]
                ],
                "_res_hrs_patients/_extraf-hrs_patients-edge-0": [
                    [
                        89.00749461097037,
                        99.49231059720182
                    ],
                    [
                        99.00749461097037,
                        99.49231059720182
                    ],
                    [
                        161.95973714674543,
                        99.49231059720182
                    ],
                    [
                        161.95973714674543,
                        99.49231059720182
                    ],
                    [
                        224.9119796825205,
                        99.49231059720182
                    ],
                    [
                        234.9119796825205,
                        99.49231059720182
                    ]
                ],
                "_res_quality_ATH_class/_extraf-quality_ATH_class-edge-0": [
                    [
                        89.00749461097037,
                        145.52460481181836
                    ],
                    [
                        99.00749461097037,
                        145.52460481181836
                    ],
                    [
                        152.73872121656964,
                        145.52460481181836
                    ],
                    [
                        152.73872121656964,
                        145.5246048118184
                    ],
                    [
                        206.46994782216893,
                        145.5246048118184
                    ],
                    [
                        216.46994782216893,
                        145.5246048118184
                    ]
                ],
                "_res_quality_ATH_patients/_extraf-quality_ATH_patients-edge-0": [
                    [
                        89.00749461097037,
                        191.55689902643488
                    ],
                    [
                        99.00749461097037,
                        191.55689902643488
                    ],
                    [
                        148.17986425245834,
                        191.55689902643488
                    ],
                    [
                        148.17986425245834,
                        191.5568990264349
                    ],
                    [
                        197.3522338939463,
                        191.5568990264349
                    ],
                    [
                        207.3522338939463,
                        191.5568990264349
                    ]
                ]
            }
        }
    }
}