{
    "styles": {
        "Regular-No-IF_OWN_ICON_EXISTS": {
            "nodes": {
                "_fun_quality_resident_education": [
                    0.0,
                    0.0
                ],
                "_fun_quality_resident_education/_extrar-quality_resident_education": [
                    253.40837097890721,
                    3.0732401554039663
                ],
                "_res_hrs_class": [
                    231.56508382643293,
                    42.857848614876644
                ],
                "_res_hrs_class/_extraf-hrs_class": [
                    68.27881876868521,
                    45.93108877028058
                ],
                "_res_hrs_patients": [
                    222.44736989821027,
                    88.7889373851572
                ],
                "_res_hrs_patients/_extraf-hrs_patients": [
                    68.27881876868521,
                    91.86217754056118
                ],
                "_res_quality_ATH_class": [
                    204.0053380378587,
                    134.7200261554378
                ],
                "_res_quality_ATH_class/_extraf-quality_ATH_class": [
                    68.27881876868521,
                    137.79326631084177
                ],
                "_res_quality_ATH_patients": [
                    194.88762410963608,
                    180.6511149257184
                ],
                "_res_quality_ATH_patients/_extraf-quality_ATH_patients": [
                    68.27881876868521,
                    183.72435508112235
                ]
            },
            "edges": {
                "_fun_quality_resident_education/_extrar-quality_resident_education-edge-0": [
                    [
                        147.12620036048207,
                        10.465544385140298
                    ],
                    [
                        157.12620036048207,
                        10.465544385140298
                    ],
                    [
                        200.26728566969464,
                        10.465544385140298
                    ],
                    [
                        200.26728566969464,
                        10.465544385140294
                    ],
                    [
                        243.40837097890721,
                        10.465544385140294
                    ],
                    [
                        253.40837097890721,
                        10.465544385140294
                    ]
                ],
                "_res_hrs_class/_extraf-hrs_class-edge-0": [
                    [
                        81.60880534095084,
                        53.32339300001691
                    ],
                    [
                        91.60880534095084,
                        53.32339300001691
                    ],
                    [
                        157.96765645826886,
                        53.32339300001691
                    ],
                    [
                        157.96765645826886,
                        53.32339300001694
                    ],
                    [
                        224.3265075755869,
                        53.32339300001694
                    ],
                    [
                        234.3265075755869,
                        53.32339300001694
                    ]
                ],
                "_res_hrs_patients/_extraf-hrs_patients-edge-0": [
                    [
                        81.60880534095084,
                        99.2544817702975
                    ],
                    [
                        91.60880534095084,
                        99.2544817702975
                    ],
                    [
                        153.40879949415753,
                        99.2544817702975
                    ],
                    [
                        153.40879949415753,
                        99.25448177029749
                    ],
                    [
                        215.20879364736425,
                        99.25448177029749
                    ],
                    [
                        225.20879364736425,
                        99.25448177029749
                    ]
                ],
                "_res_quality_ATH_class/_extraf-quality_ATH_class-edge-0": [
                    [
                        81.60880534095084,
                        145.1855705405781
                    ],
                    [
                        91.60880534095084,
                        145.1855705405781
                    ],
                    [
                        144.18778356398175,
                        145.1855705405781
                    ],
                    [
                        144.18778356398175,
                        145.1855705405781
                    ],
                    [
                        196.76676178701268,
                        145.1855705405781
                    ],
                    [
                        206.76676178701268,
                        145.1855705405781
                    ]
                ],
                "_res_quality_ATH_patients/_extraf-quality_ATH_patients-edge-0": [
                    [
                        81.60880534095084,
                        191.1166593108587
                    ],
                    [
                        91.60880534095084,
                        191.1166593108587
                    ],
                    [
                        139.62892659987045,
                        191.1166593108587
                    ],
                    [
                        139.62892659987045,
                        191.1166593108587
                    ],
                    [
                        187.64904785879006,
                        191.1166593108587
                    ],
                    [
                        197.64904785879006,
                        191.1166593108587
                    ]
                ]
            }
        }
    }
}