{
    "styles": {
        "Regular-No-IF_OWN_ICON_EXISTS": {
            "nodes": {
                "_fun_quality_resident_education": [
                    0.0,
                    0.0
                ],
                "_fun_quality_resident_education/_extrar-quality_resident_education": [
                    253.40837097890721,
                    3.0732401554039663
                ],
                "_res_hrs_class": [
                    231.56508382643293,
                    42.857848614876644
                ],
                "_res_hrs_class/_extraf-hrs_class": [
                    68.27881876868521,
                    45.93108877028058
                ],
                "_res_hrs_patients": [
                    222.44736989821027,
                    88.7889373851572
                ],
                "_res_hrs_patients/_extraf-hrs_patients": [
                    68.27881876868521,
                    91.86217754056118
                ],
                "_res_quality_ATH_class": [
                    204.0053380378587,
                    134.7200261554378
                ],
                "_res_quality_ATH_class/_extraf-quality_ATH_class": [
                    68.27881876868521,
                    137.79326631084177
                ],
                "_res_quality_ATH_patients": [
                    194.88762410963608,
                    180.6511149257184
                ],
                "_res_quality_ATH_patients/_extraf-quality_ATH_patients": [
                    68.27881876868521,
                    183.72435508112235
                ]
            },
            "edges": {
                "_fun_quality_resident_education/_extrar-quality_resident_education-edge-0": [
                    [
                        156.82938639563832,
                        10.516147107308264
                    ],
                    [
                        166.82938639563832,
                        10.516147107308264
                    ],
                    [
                        163.40837097890721,
                        10.516147107308264
                    ],
                    [
                        163.40837097890721,
                        10.516147107308264
                    ],
                    [
                        243.40837097890721,
                        10.516147107308264
                    ],
                    [
                        253.40837097890721,
                        10.500962323372717
                    ]
                ],
                "_res_hrs_class/_extraf-hrs_class-edge-0": [
                    [
                        86.70299784583365,
                        53.358810938249334
                    ],
                    [
                        96.70299784583365,
                        53.358810938249334
                    ],
                    [
                        160.51475271071027,
                        53.358810938249334
                    ],
                    [
                        160.51475271071027,
                        53.3739957221849
                    ],
                    [
                        224.3265075755869,
                        53.3739957221849
                    ],
                    [
                        234.3265075755869,
                        53.3739957221849
                    ]
                ],
                "_res_hrs_patients/_extraf-hrs_patients-edge-0": [
                    [
                        86.70299784583365,
                        99.28989970852993
                    ],
                    [
                        96.70299784583365,
                        99.28989970852993
                    ],
                    [
                        155.95589574659894,
                        99.28989970852993
                    ],
                    [
                        155.95589574659894,
                        99.30508449246545
                    ],
                    [
                        215.20879364736425,
                        99.30508449246545
                    ],
                    [
                        225.20879364736425,
                        99.30508449246545
                    ]
                ],
                "_res_quality_ATH_class/_extraf-quality_ATH_class-edge-0": [
                    [
                        86.70299784583365,
                        145.2209884788105
                    ],
                    [
                        96.70299784583365,
                        145.2209884788105
                    ],
                    [
                        146.73487981642316,
                        145.2209884788105
                    ],
                    [
                        146.73487981642316,
                        145.2361732627461
                    ],
                    [
                        196.76676178701268,
                        145.2361732627461
                    ],
                    [
                        206.76676178701268,
                        145.2361732627461
                    ]
                ],
                "_res_quality_ATH_patients/_extraf-quality_ATH_patients-edge-0": [
                    [
                        86.70299784583365,
                        191.1520772490911
                    ],
                    [
                        96.70299784583365,
                        191.1520772490911
                    ],
                    [
                        142.17602285231186,
                        191.1520772490911
                    ],
                    [
                        142.17602285231186,
                        191.16726203302667
                    ],
                    [
                        187.64904785879006,
                        191.16726203302667
                    ],
                    [
                        197.64904785879006,
                        191.16726203302667
                    ]
                ]
            }
        }
    }
}