{
    "styles": {
        "Regular-No-IF_OWN_ICON_EXISTS": {
            "nodes": {
                "_fun_quality_resident_education": [
                    0.0,
                    0.0
                ],
                "_fun_quality_resident_education/_extrar-quality_resident_education": [
                    260.56446076162206,
                    3.0884249393395153
                ],
                "_res_hrs_class": [
                    241.2682698615892,
                    42.94386927527703
                ],
                "_res_hrs_class/_extraf-hrs_class": [
                    70.58331553382192,
                    46.03229421461653
                ],
                "_res_hrs_patients": [
                    232.15055593336655,
                    181.04075191912662
                ],
                "_res_hrs_patients/_extraf-hrs_patients": [
                    70.58331553382193,
                    184.12917685846617
                ],
                "_res_quality_ATH_class": [
                    213.70852407301498,
                    88.97616348989355
                ],
                "_res_quality_ATH_class/_extraf-quality_ATH_class": [
                    70.58331553382192,
                    92.06458842923307
                ],
                "_res_quality_ATH_patients": [
                    204.59081014479233,
                    135.0084577045101
                ],
                "_res_quality_ATH_patients/_extraf-quality_ATH_patients": [
                    70.58331553382192,
                    138.0968826438496
                ],
                "_divf": [
                    204.59081014479227,
                    0.6045694996615829
                ],
                "_lim": [
                    250.93005982023516,
                    227.07304613374313
                ],
                "_lim/_extraf-_l": [
                    70.58331553382192,
                    229.55690157342107
                ]
            },
            "edges": {
                "_fun_quality_resident_education/_extrar-quality_resident_education-edge-0": [
                    [
                        147.12620036048207,
                        10.465544385140298
                    ],
                    [
                        157.12620036048207,
                        10.465544385140298
                    ],
                    [
                        203.84533056105207,
                        10.465544385140298
                    ],
                    [
                        203.84533056105207,
                        10.480729169075843
                    ],
                    [
                        250.56446076162206,
                        10.480729169075843
                    ],
                    [
                        260.56446076162206,
                        10.480729169075843
                    ]
                ],
                "_res_hrs_class/_extraf-hrs_class-edge-0": [
                    [
                        83.91330210608754,
                        53.42459844435285
                    ],
                    [
                        93.91330210608754,
                        53.42459844435285
                    ],
                    [
                        163.97149785841538,
                        53.42459844435285
                    ],
                    [
                        163.97149785841538,
                        53.40941366041733
                    ],
                    [
                        234.02969361074318,
                        53.40941366041733
                    ],
                    [
                        244.02969361074318,
                        53.40941366041733
                    ]
                ],
                "_res_hrs_patients/_extraf-hrs_patients-edge-0": [
                    [
                        83.91330210608756,
                        191.5214810882025
                    ],
                    [
                        93.91330210608756,
                        191.5214810882025
                    ],
                    [
                        159.41264089430405,
                        191.5214810882025
                    ],
                    [
                        159.41264089430405,
                        191.50629630426693
                    ],
                    [
                        224.91197968252052,
                        191.50629630426693
                    ],
                    [
                        234.91197968252052,
                        191.50629630426693
                    ]
                ],
                "_res_quality_ATH_class/_extraf-quality_ATH_class-edge-0": [
                    [
                        83.91330210608754,
                        99.4568926589694
                    ],
                    [
                        93.91330210608754,
                        99.4568926589694
                    ],
                    [
                        150.19162496412827,
                        99.4568926589694
                    ],
                    [
                        150.19162496412827,
                        99.44170787503384
                    ],
                    [
                        206.46994782216896,
                        99.44170787503384
                    ],
                    [
                        216.46994782216896,
                        99.44170787503384
                    ]
                ],
                "_res_quality_ATH_patients/_extraf-quality_ATH_patients-edge-0": [
                    [
                        83.91330210608754,
                        145.48918687358594
                    ],
                    [
                        93.91330210608754,
                        145.48918687358594
                    ],
                    [
                        145.63276800001694,
                        145.48918687358594
                    ],
                    [
                        145.63276800001694,
                        145.4740020896504
                    ],
                    [
                        197.3522338939463,
                        145.4740020896504
                    ],
                    [
                        207.3522338939463,
                        145.4740020896504
                    ]
                ],
                "(_divf:_op)-(_res_hrs_patients:hrs_patients)": [
                    [
                        265.81378072729245,
                        10.51614710730826
                    ],
                    [
                        275.81378072729245,
                        10.51614710730826
                    ],
                    [
                        304.5527926209028,
                        10.51614710730826
                    ],
                    [
                        304.5527926209028,
                        10.516147107308264
                    ],
                    [
                        333.29180451451305,
                        10.516147107308264
                    ],
                    [
                        343.29180451451305,
                        10.516147107308264
                    ]
                ],