{
    "styles": {
        "Regular-No-IF_OWN_ICON_EXISTS": {
            "nodes": {
                "_fun_quality_resident_education": [
                    0.0,
                    0.0
                ],
                "_fun_quality_resident_education/_extrar-quality_resident_education": [
                    260.56446076162206,
                    3.0884249393395153
                ],
                "_res_hrs_class": [
                    241.2682698615892,
                    42.94386927527703
                ],
                "_res_hrs_class/_extraf-hrs_class": [
                    70.58331553382192,
                    46.03229421461653
                ],
                "_res_hrs_patients": [
                    232.15055593336655,
                    181.04075191912662
                ],
                "_res_hrs_patients/_extraf-hrs_patients": [
                    70.58331553382193,
                    184.12917685846617
                ],
                "_res_quality_ATH_class": [
                    213.70852407301498,
                    88.97616348989355
                ],
                "_res_quality_ATH_class/_extraf-quality_ATH_class": [
                    70.58331553382192,
                    92.06458842923307
                ],
                "_res_quality_ATH_patients": [
                    204.59081014479233,
                    135.0084577045101
                ],
                "_res_quality_ATH_patients/_extraf-quality_ATH_patients": [
                    70.58331553382192,
                    138.0968826438496
                ],
                "_divf": [
                    204.59081014479227,
                    0.6045694996615829
                ],
                "_lim": [
                    250.93005982023516,
                    227.07304613374313
                ],
                "_lim/_extraf-_l": [
                    70.58331553382192,
                    229.55690157342107
                ]
            },
            "edges": {
                "_fun_quality_resident_education/_extrar-quality_resident_education-edge-0": [
                    [
                        156.82938639563832,
                        10.516147107308264
                    ],
                    [
                        166.82938639563832,
                        10.516147107308264
                    ],
                    [
                        162.56446076162206,
                        10.516147107308264
                    ],
                    [
                        162.56446076162206,
                        10.516147107308264
                    ],
                    [
                        250.56446076162206,
                        10.516147107308264
                    ],
                    [
                        260.56446076162206,
                        10.516147107308266
                    ]
                ],
                "_res_hrs_class/_extraf-hrs_class-edge-0": [
                    [
                        89.00749461097037,
                        53.46001638258528
                    ],
                    [
                        99.00749461097037,
                        53.46001638258528
                    ],
                    [
                        166.51859411085678,
                        53.46001638258528
                    ],
                    [
                        166.51859411085678,
                        53.460016382585295
                    ],
                    [
                        234.02969361074318,
                        53.460016382585295
                    ],
                    [
                        244.02969361074318,
                        53.460016382585295
                    ]
                ],
                "_res_hrs_patients/_extraf-hrs_patients-edge-0": [
                    [
                        89.00749461097037,
                        191.5568990264349
                    ],
                    [
                        99.00749461097037,
                        191.5568990264349
                    ],
                    [
                        161.95973714674545,
                        191.5568990264349
                    ],
                    [
                        161.95973714674545,
                        191.5568990264349
                    ],
                    [
                        224.91197968252052,
                        191.5568990264349
                    ],
                    [
                        234.91197968252052,
                        191.5568990264349
                    ]
                ],
                "_res_quality_ATH_class/_extraf-quality_ATH_class-edge-0": [
                    [
                        89.00749461097037,
                        99.49231059720182
                    ],
                    [
                        99.00749461097037,
                        99.49231059720182
                    ],
                    [
                        152.73872121656967,
                        99.49231059720182
                    ],
                    [
                        152.73872121656967,
                        99.49231059720181
                    ],
                    [
                        206.46994782216896,
                        99.49231059720181
                    ],
                    [
                        216.46994782216896,
                        99.49231059720181
                    ]
                ],
                "_res_quality_ATH_patients/_extraf-quality_ATH_patients-edge-0": [
                    [
                        89.00749461097037,
                        145.52460481181834
                    ],
                    [
                        99.00749461097037,
                        145.52460481181834
                    ],
                    [
                        148.17986425245834,
                        145.52460481181834
                    ],
                    [
                        148.17986425245834,
                        145.5246048118184
                    ],
                    [
                        197.3522338939463,
                        145.5246048118184
                    ],
                    [
                        207.3522338939463,
                        145.5246048118184
                    ]
                ],
                "(_divf:_op)-(_res_hrs_patients:hrs_patients)": [
                    [
                        265.81378072729245,
                        10.51614710730826
                    ],
                    [
                        275.81378072729245,
                        10.51614710730826
                    ],
                    [
                        304.5527926209028,
                        10.51614710730826
                    ],
                    [
                        304.5527926209028,
                        10.516147107308264
                    ],
                    [
                        333.29180451451305,
                        10.516147107308264
                    ],
                    [
                        343.29180451451305,
                        10.516147107308264
                    ]
                ],