{
    "styles": {
        "Regular-No-IF_OWN_ICON_EXISTS": {
            "nodes": {
                "_fun_quality_resident_education": [
                    0.0,
                    22.965544385140298
                ],
                "_fun_quality_resident_education/_extrar-quality_resident_education": [
                    398.5270645242786,
                    48.39975942602298
                ],
                "_res_hrs_class": [
                    499.8918904757308,
                    0.0
                ],
                "_res_hrs_class/_extraf-hrs_class": [
                    70.58331553382192,
                    46.03229421461653
                ],
                "_res_hrs_patients": [
                    492.1171559786605,
                    45.931088770280596
                ],
                "_res_hrs_patients/_extraf-hrs_patients": [
                    243.6131266329043,
                    91.25760804089961
                ],
                "_res_quality_ATH_class": [
                    213.70852407301498,
                    88.97616348989355
                ],
                "_res_quality_ATH_class/_extraf-quality_ATH_class": [
                    70.58331553382192,
                    92.06458842923307
                ],
                "_res_quality_ATH_patients": [
                    204.59081014479233,
                    135.0084577045101
                ],
                "_res_quality_ATH_patients/_extraf-quality_ATH_patients": [
                    70.58331553382192,
                    138.0968826438496
                ],
                "_divf": [
                    383.737331146668,
                    0.6045694996615918
                ],
                "_lim": [
                    250.93005982023516,
                    227.07304613374313
                ],
                "_lim/_extraf-_l": [
                    70.58331553382192,
                    229.55690157342107
                ],
                "_invmultvalue": [
                    266.7330098547145,
                    0.6045694996615918
                ],
                "_invmultvalue/_extraf-_result": [
                    0.0,
                    3.073240155403975
                ],
                "_divf1": [
                    383.737331146668,
                    46.53565826994219
                ],
                "_invmultvalue1": [
                    266.7330098547145,
                    46.53565826994219
                ],
                "_invplus": [
                    194.88762410963602,
                    23.274234520788216
                ]
            },
            "edges": {
                "_fun_quality_resident_education/_extrar-quality_resident_education-edge-0": [
                    [
                        322.4605082247012,
                        55.79206365575931
                    ],
                    [
                        332.4605082247012,
                        55.79206365575931
                    ],
                    [
                        360.4937863744899,
                        55.79206365575931
                    ],
                    [
                        360.4937863744899,
                        55.79206365575931
                    ],
                    [
                        388.5270645242786,
                        55.79206365575931
                    ],
                    [
                        398.5270645242786,
                        55.79206365575931
                    ]
                ],
                "_res_hrs_class/_extraf-hrs_class-edge-0": [
                    [
                        89.00749461097035,
                        53.46001638258528
                    ],
                    [
                        99.00749461097035,
                        53.46001638258528
                    ],
                    [
                        166.51859411085678,
                        53.46001638258528
                    ],
                    [
                        166.51859411085678,
                        53.460016382585295
                    ],
                    [
                        234.02969361074318,
                        53.460016382585295
                    ],
                    [
                        244.02969361074318,
                        53.460016382585295
                    ]
                ],
                "_res_hrs_patients/_extraf-hrs_patients-edge-0": [
                    [
                        256.94311320516994,
                        98.64991227063594
                    ],
                    [
                        266.94311320516994,
                        98.64991227063594
                    ],
                    [
                        314.9632344640895,
                        98.64991227063594
                    ],
                    [
                        314.9632344640895,
                        98.64991227063594
                    ],
                    [
                        362.9833557230091,
                        98.64991227063594
                    ],
                    [
                        372.9833557230091,
                        98.64991227063594
                    ]
                ],
                "_res_quality_ATH_class/_extraf-quality_ATH_class-edge-0": [
                    [
                        83.91330210608754,
                        99.4568926589694
                    ],
                    [
                        93.91330210608754,
                        99.4568926589694
                    ],
                    [
                        150.19162496412827,
                        99.4568926589694
                    ],
                    [
                        150.19162496412827,
                        99.44170787503384
                    ],
                    [
                        206.46994782216896,
                        99.44170787503384
                    ],
                    [
                        216.46994782216896,
                        99.44170787503384
                    ]
                ],
                "_res_quality_ATH_patients/_extraf-quality_ATH_patients-edge-0": [
                    [
                        83.91330210608754,
                        145.48918687358594
                    ],
                    [
                        93.91330210608754,
                        145.48918687358594
                    ],
                    [
                        145.63276800001694,
                        145.48918687358594
                    ],
                    [
                        145.63276800001694,
                        145.4740020896504
                    ],
                    [
                        197.3522338939463,
                        145.4740020896504
                    ],
                    [
                        207.3522338939463,
                        145.4740020896504
                    ]
                ],
                "(_divf:_op)-(_res_hrs_patients:hrs_patients)": [
                    [
                        265.81378072729245,
                        10.51614710730826
                    ],
                    [
                        275.81378072729245,
                        10.51614710730826
                    ],
                    [
                        304.5527926209028,
                        10.51614710730826
                    ],
                    [
                        304.5527926209028,
                        10.516147107308264
                    ],
                    [
                        333.29180451451305,
                        10.516147107308264
                    ],
                    [
                        343.29180451451305,
                        10.516147107308264
                    ]
                ],