{
    "styles": {
        "Regular-No-IF_OWN_ICON_EXISTS": {
            "nodes": {
                "_fun_num_of_faculty": [
                    7.084892272949219,
                    46.03229421461653
                ],
                "_fun_salary_per_faculty": [
                    0.0,
                    0.0
                ],
                "_res_cost_faculty_total": [
                    226.2088246740506,
                    23.016147107308264
                ],
                "_prod": [
                    154.36343892897202,
                    23.375439965124148
                ],
                "_prod/_extrar-_res": [
                    269.6122924905873,
                    26.104572046647778
                ],
                "_res_cost_faculty_total/_extraf-cost_faculty_total": [
                    158.57404226293704,
                    69.0484413219248
                ],
                "_fun_salary_per_faculty/_extrar-salary_per_faculty": [
                    197.76690674550883,
                    3.0884249393395153
                ]
            },
            "edges": {
                "(_fun_num_of_faculty:num_of_faculty)-(_prod:num_of_faculty)": [
                    [
                        99.51712290686882,
                        56.548441321924784
                    ],
                    [
                        109.51712290686882,
                        56.548441321924784
                    ],
                    [
                        109.51712290686882,
                        56.548441321924784
                    ],
                    [
                        109.51712290686882,
                        36.53229421461653
                    ],
                    [
                        146.52029317846439,
                        36.53229421461653
                    ],
                    [
                        156.52029317846439,
                        36.53229421461653
                    ]
                ],
                "(_fun_salary_per_faculty:salary_per_faculty)-(_prod:salary_per_faculty)": [
                    [
                        106.60201517981804,
                        10.516147107308264
                    ],
                    [
                        116.60201517981804,
                        10.516147107308264
                    ],
                    [
                        131.56115417914123,
                        10.516147107308264
                    ],
                    [
                        131.56115417914123,
                        30.532294214616527
                    ],
                    [
                        146.52029317846439,
                        30.532294214616527
                    ],
                    [
                        156.52029317846439,
                        30.532294214616527
                    ]
                ],
                "(_prod:_res)-(_res_cost_faculty_total:cost_faculty_total)": [
                    [
                        179.05197042455814,
                        33.53229421461653
                    ],
                    [
                        189.05197042455814,
                        33.53229421461653
                    ],
                    [
                        204.01110942388135,
                        33.53229421461653
                    ],
                    [
                        204.01110942388135,
                        33.53229421461653
                    ],
                    [
                        218.97024842320457,
                        33.53229421461653
                    ],
                    [
                        228.97024842320457,
                        33.53229421461653
                    ]
                ],
                "_prod/_extrar-_res-edge-0": [
                    [
                        179.05197042455814,
                        33.53229421461653
                    ],
                    [
                        189.05197042455814,
                        33.53229421461653
                    ],
                    [
                        224.33213145757273,
                        33.53229421461653
                    ],
                    [
                        224.33213145757273,
                        33.53229421461653
                    ],
                    [
                        259.6122924905873,
                        33.53229421461653
                    ],
                    [
                        269.6122924905873,
                        33.53229421461653
                    ]
                ],
                "_res_cost_faculty_total/_extraf-cost_faculty_total-edge-0": [
                    [
                        176.99822134008548,
                        76.47616348989355
                    ],
                    [
                        186.99822134008548,
                        76.47616348989355
                    ],
                    [
                        202.98423488164502,
                        76.47616348989355
                    ],
                    [
                        202.98423488164502,
                        76.47616348989354
                    ],
                    [
                        218.97024842320457,
                        76.47616348989354
                    ],
                    [
                        228.97024842320457,
                        76.47616348989354
                    ]
                ],
                "_fun_salary_per_faculty/_extrar-salary_per_faculty-edge-0": [
                    [
                        106.60201517981804,
                        10.516147107308264
                    ],
                    [
                        116.60201517981804,
                        10.516147107308264
                    ],
                    [
                        152.18446096266342,
                        10.516147107308264
                    ],
                    [
                        152.18446096266342,
                        10.516147107308266
                    ],
                    [
                        187.76690674550883,
                        10.516147107308266
                    ],
                    [
                        197.76690674550883,
                        10.516147107308266
                    ]
                ]
            }
        }
    }
}