{
    "styles": {
        "Regular-No-IF_OWN_ICON_EXISTS": {
            "nodes": {
                "_fun_total_FATH_class": [
                    6.48504638671875,
                    0.0
                ],
                "_fun_total_FATH_class/_extrar-total_FATH_class": [
                    173.89955902822362,
                    3.0884249393395082
                ],
                "_fun_total_FATH_patient": [
                    0.0,
                    46.03229421461653
                ],
                "_fun_total_FATH_patient/_extrar-total_FATH_patient": [
                    173.89955902822362,
                    49.120719153956045
                ],
                "_res_FATH": [
                    235.1265645422146,
                    23.016147107308257
                ],
                "_res_FATH/_extraf-FATH": [
                    49.92849985999381,
                    92.06458842923305
                ],
                "_sum": [
                    163.28117879713608,
                    23.375439965124148
                ]
            },
            "edges": {
                "_fun_total_FATH_class/_extrar-total_FATH_class-edge-0": [
                    [
                        109.03470866126335,
                        10.516147107308264
                    ],
                    [
                        119.03470866126335,
                        10.516147107308264
                    ],
                    [
                        115.89955902822362,
                        10.516147107308264
                    ],
                    [
                        115.89955902822362,
                        10.516147107308264
                    ],
                    [
                        163.89955902822362,
                        10.516147107308264
                    ],
                    [
                        173.89955902822362,
                        10.516147107308258
                    ]
                ],
                "_fun_total_FATH_patient/_extrar-total_FATH_patient-edge-0": [
                    [
                        115.5197550479821,
                        56.548441321924784
                    ],
                    [
                        125.5197550479821,
                        56.548441321924784
                    ],
                    [
                        123.89955902822362,
                        56.548441321924784
                    ],
                    [
                        123.89955902822362,
                        56.548441321924784
                    ],
                    [
                        163.89955902822362,
                        56.548441321924784
                    ],
                    [
                        173.89955902822362,
                        56.5484413219248
                    ]
                ],
                "_res_FATH/_extraf-FATH-edge-0": [
                    [
                        68.35267893714226,
                        99.49231059720181
                    ],
                    [
                        78.35267893714226,
                        99.49231059720181
                    ],
                    [
                        117.19764074171614,
                        99.49231059720181
                    ],
                    [
                        117.19764074171614,
                        99.4923105972018
                    ],
                    [
                        156.04260254629003,
                        99.4923105972018
                    ],
                    [
                        166.04260254629003,
                        99.4923105972018
                    ]
                ],
                "(_fun_total_FATH_class:total_FATH_class)-(_sum:total_FATH_class)": [
                    [
                        109.03470866126335,
                        10.516147107308264
                    ],
                    [
                        119.03470866126335,
                        10.516147107308264
                    ],
                    [
                        119.03470866126335,
                        10.516147107308264
                    ],
                    [
                        119.03470866126335,
                        30.532294214616527
                    ],
                    [
                        155.43803304662845,
                        30.532294214616527
                    ],
                    [
                        165.43803304662845,
                        30.532294214616527
                    ]
                ],
                "(_fun_total_FATH_patient:total_FATH_patient)-(_sum:total_FATH_patient)": [
                    [
                        115.5197550479821,
                        56.548441321924784
                    ],
                    [
                        125.5197550479821,
                        56.548441321924784
                    ],
                    [
                        125.5197550479821,
                        56.548441321924784
                    ],
                    [
                        125.5197550479821,
                        36.53229421461653
                    ],
                    [
                        155.43803304662845,
                        36.53229421461653
                    ],
                    [
                        165.43803304662845,
                        36.53229421461653
                    ]
                ],
                "(_sum:_result)-(_res_FATH:FATH)": [
                    [
                        187.9697102927222,
                        33.53229421461653
                    ],
                    [
                        197.9697102927222,
                        33.53229421461653
                    ],
                    [
                        195.88798829136857,
                        33.53229421461653
                    ],
                    [
                        195.88798829136857,
                        33.53229421461653
                    ],
                    [
                        227.88798829136857,
                        33.53229421461653
                    ],
                    [
                        237.88798829136857,
                        33.53229421461653
                    ]
                ]
            }
        }
    }
}