{
    "styles": {
        "Regular-No-IF_OWN_ICON_EXISTS": {
            "nodes": {
                "_fun_total_FATH_class": [
                    6.48504638671875,
                    0.0
                ],
                "_fun_total_FATH_class/_extrar-total_FATH_class": [
                    173.89955902822362,
                    3.0884249393395082
                ],
                "_fun_total_FATH_patient": [
                    0.0,
                    46.03229421461653
                ],
                "_fun_total_FATH_patient/_extrar-total_FATH_patient": [
                    173.89955902822362,
                    49.120719153956045
                ],
                "_res_FATH": [
                    235.1265645422146,
                    65.96001638258528
                ],
                "_res_FATH/_extraf-FATH": [
                    167.4917821311011,
                    69.0484413219248
                ],
                "_sum": [
                    163.28117879713608,
                    23.375439965124148
                ],
                "_sum/_extrar-_result": [
                    245.74494477330217,
                    26.104572046647785
                ]
            },
            "edges": {
                "_fun_total_FATH_class/_extrar-total_FATH_class-edge-0": [
                    [
                        109.03470866126335,
                        10.516147107308264
                    ],
                    [
                        119.03470866126335,
                        10.516147107308264
                    ],
                    [
                        115.89955902822362,
                        10.516147107308264
                    ],
                    [
                        115.89955902822362,
                        10.516147107308264
                    ],
                    [
                        163.89955902822362,
                        10.516147107308264
                    ],
                    [
                        173.89955902822362,
                        10.516147107308258
                    ]
                ],
                "_fun_total_FATH_patient/_extrar-total_FATH_patient-edge-0": [
                    [
                        115.5197550479821,
                        56.548441321924784
                    ],
                    [
                        125.5197550479821,
                        56.548441321924784
                    ],
                    [
                        123.89955902822362,
                        56.548441321924784
                    ],
                    [
                        123.89955902822362,
                        56.548441321924784
                    ],
                    [
                        163.89955902822362,
                        56.548441321924784
                    ],
                    [
                        173.89955902822362,
                        56.5484413219248
                    ]
                ],
                "_res_FATH/_extraf-FATH-edge-0": [
                    [
                        185.91596120824954,
                        76.47616348989355
                    ],
                    [
                        195.91596120824954,
                        76.47616348989355
                    ],
                    [
                        211.90197474980906,
                        76.47616348989355
                    ],
                    [
                        211.90197474980906,
                        76.47616348989354
                    ],
                    [
                        227.88798829136857,
                        76.47616348989354
                    ],
                    [
                        237.88798829136857,
                        76.47616348989354
                    ]
                ],
                "(_fun_total_FATH_class:total_FATH_class)-(_sum:total_FATH_class)": [
                    [
                        109.03470866126335,
                        10.516147107308264
                    ],
                    [
                        119.03470866126335,
                        10.516147107308264
                    ],
                    [
                        119.03470866126335,
                        10.516147107308264
                    ],
                    [
                        119.03470866126335,
                        30.532294214616527
                    ],
                    [
                        155.43803304662845,
                        30.532294214616527
                    ],
                    [
                        165.43803304662845,
                        30.532294214616527
                    ]
                ],
                "(_fun_total_FATH_patient:total_FATH_patient)-(_sum:total_FATH_patient)": [
                    [
                        115.5197550479821,
                        56.548441321924784
                    ],
                    [
                        125.5197550479821,
                        56.548441321924784
                    ],
                    [
                        125.5197550479821,
                        56.548441321924784
                    ],
                    [
                        125.5197550479821,
                        36.53229421461653
                    ],
                    [
                        155.43803304662845,
                        36.53229421461653
                    ],
                    [
                        165.43803304662845,
                        36.53229421461653
                    ]
                ],
                "(_sum:_result)-(_res_FATH:FATH)": [
                    [
                        187.9697102927222,
                        33.53229421461653
                    ],
                    [
                        197.9697102927222,
                        33.53229421461653
                    ],
                    [
                        195.88798829136857,
                        33.53229421461653
                    ],
                    [
                        195.88798829136857,
                        33.53229421461653
                    ],
                    [
                        227.88798829136857,
                        33.53229421461653
                    ],
                    [
                        237.88798829136857,
                        33.53229421461652
                    ]
                ],
                "_sum/_extrar-_result-edge-0": [
                    [
                        187.9697102927222,
                        33.53229421461653
                    ],
                    [
                        197.9697102927222,
                        33.53229421461653
                    ],
                    [
                        195.74494477330217,
                        33.53229421461653
                    ],
                    [
                        195.74494477330217,
                        33.53229421461653
                    ],
                    [
                        235.74494477330217,
                        33.53229421461653
                    ],
                    [
                        245.74494477330217,
                        33.532294214616535
                    ]
                ]
            }
        }
    }
}