{
    "styles": {
        "Regular-No-IF_OWN_ICON_EXISTS": {
            "nodes": {
                "_fun_cost_of_faculty_total": [
                    5.187499999999993,
                    45.931088770280596
                ],
                "_fun_cost_of_residents_total": [
                    0.0,
                    0.0
                ],
                "_res_total_cost": [
                    246.1488423742458,
                    22.965544385140298
                ],
                "_sum": [
                    174.17015584791727,
                    23.274234520788216
                ]
            },
            "edges": {
                "(_fun_cost_of_faculty_total:cost_of_faculty_total)-(_sum:cost_of_faculty_total)": [
                    [
                        125.42605082434928,
                        56.44723587758885
                    ],
                    [
                        135.42605082434926,
                        56.44723587758885
                    ],
                    [
                        135.42605082434926,
                        56.44723587758885
                    ],
                    [
                        135.42605082434926,
                        36.431088770280596
                    ],
                    [
                        166.32701009740964,
                        36.431088770280596
                    ],
                    [
                        176.32701009740964,
                        36.431088770280596
                    ]
                ],
                "(_fun_cost_of_residents_total:cost_of_residents_total)-(_sum:cost_of_residents_total)": [
                    [
                        132.48879496497426,
                        10.516147107308264
                    ],
                    [
                        142.48879496497426,
                        10.516147107308264
                    ],
                    [
                        142.48879496497426,
                        10.516147107308264
                    ],
                    [
                        142.48879496497426,
                        30.431088770280596
                    ],
                    [
                        166.32701009740964,
                        30.431088770280596
                    ],
                    [
                        176.32701009740964,
                        30.431088770280596
                    ]
                ],
                "(_sum:_result)-(_res_total_cost:total_cost)": [
                    [
                        198.8586873435034,
                        33.431088770280596
                    ],
                    [
                        208.8586873435034,
                        33.431088770280596
                    ],
                    [
                        223.88447673345158,
                        33.431088770280596
                    ],
                    [
                        223.88447673345158,
                        33.48169149244856
                    ],
                    [
                        238.91026612339977,
                        33.48169149244856
                    ],
                    [
                        248.91026612339977,
                        33.48169149244856
                    ]
                ]
            }
        }
    }
}