{
    "styles": {
        "Regular-No-IF_OWN_ICON_EXISTS": {
            "nodes": {
                "_fun_RATH_class_per_resident": [
                    9.973777770996094,
                    0.0
                ],
                "_fun_RATH_class_per_resident/_extrar-RATH_class_per_resident": [
                    190.45515951002665,
                    3.07324015540397
                ],
                "_fun_RATH_patient_per_resident": [
                    0.0,
                    45.931088770280596
                ],
                "_sum": [
                    210.40271505201883,
                    23.274234520788216
                ],
                "_sum/_extrar-_result": [
                    282.2481007970974,
                    26.038784540544267
                ],
                "_res_total_RATH_per_resident": [
                    282.2481007970974,
                    22.965544385140298
                ]
            },
            "edges": {
                "_fun_RATH_class_per_resident/_extrar-RATH_class_per_resident-edge-0": [
                    [
                        142.6937357608727,
                        10.465544385140298
                    ],
                    [
                        152.6937357608727,
                        10.465544385140298
                    ],
                    [
                        166.57444763544967,
                        10.465544385140298
                    ],
                    [
                        166.57444763544967,
                        10.465544385140298
                    ],
                    [
                        180.45515951002665,
                        10.465544385140298
                    ],
                    [
                        190.45515951002665,
                        10.465544385140298
                    ]
                ],
                "(_fun_RATH_class_per_resident:RATH_class_per_resident)-(_sum:RATH_class_per_resident)": [
                    [
                        159.64497630042348,
                        10.516147107308264
                    ],
                    [
                        169.64497630042348,
                        10.516147107308264
                    ],
                    [
                        186.10227280096734,
                        10.516147107308264
                    ],
                    [
                        186.10227280096734,
                        30.431088770280596
                    ],
                    [
                        202.5595693015112,
                        30.431088770280596
                    ],
                    [
                        212.5595693015112,
                        30.431088770280596
                    ]
                ],
                "(_fun_RATH_patient_per_resident:RATH_patient_per_resident)-(_sum:RATH_patient_per_resident)": [
                    [
                        162.6412913028649,
                        56.44723587758885
                    ],
                    [
                        172.6412913028649,
                        56.44723587758885
                    ],
                    [
                        187.60043030218804,
                        56.44723587758885
                    ],
                    [
                        187.60043030218804,
                        36.431088770280596
                    ],
                    [
                        202.5595693015112,
                        36.431088770280596
                    ],
                    [
                        212.5595693015112,
                        36.431088770280596
                    ]
                ],
                "_sum/_extrar-_result-edge-0": [
                    [
                        235.091246547605,
                        33.431088770280596
                    ],
                    [
                        245.091246547605,
                        33.431088770280596
                    ],
                    [
                        258.6696736723512,
                        33.431088770280596
                    ],
                    [
                        258.6696736723512,
                        33.431088770280596
                    ],
                    [
                        272.2481007970974,
                        33.431088770280596
                    ],
                    [
                        282.2481007970974,
                        33.431088770280596
                    ]
                ],
                "(_sum:_result)-(_res_total_RATH_per_resident:total_RATH_per_resident)": [
                    [
                        235.09124654760495,
                        33.431088770280596
                    ],
                    [
                        245.09124654760495,
                        33.431088770280596
                    ],
                    [
                        260.05038554692817,
                        33.431088770280596
                    ],
                    [
                        260.05038554692817,
                        33.48169149244856
                    ],
                    [
                        275.0095245462513,
                        33.48169149244856
                    ],
                    [
                        285.0095245462513,
                        33.48169149244856
                    ]
                ]
            }
        }
    }
}