{
    "styles": {
        "Regular-No-IF_OWN_ICON_EXISTS": {
            "nodes": {
                "_fun_num_of_faculty": [
                    7.084892272949219,
                    46.03229421461653
                ],
                "_fun_num_of_faculty/_extrar-num_of_faculty": [
                    197.76690674550883,
                    3.0884249393395082
                ],
                "_fun_faculty_salary": [
                    5.531944274902344,
                    46.03229421461653
                ],
                "_fun_faculty_salary/_extrar-faculty_salary": [
                    183.59712219961037,
                    49.120719153956045
                ],
                "_res_cost_faculty_total": [
                    166.61368306959704,
                    42.94386927527701
                ],
                "_res_cost_faculty_total/_extraf-cost_faculty_total": [
                    51.59475199622429,
                    46.03229421461653
                ],
                "_fun_faculty_salary_r": [
                    0.0,
                    85.88773855055402
                ],
                "_fun_faculty_salary_r/_extrar-faculty_salary_r": [
                    184.42358399160258,
                    88.97616348989354
                ],
                "_fun_faculty_salary_per_": [
                    0.0,
                    85.88773855055402
                ],
                "_fun_faculty_salary_per_/_extrar-faculty_salary_per_": [
                    204.59185791738383,
                    88.97616348989354
                ],
                "_fun_faculty_salary_per_F": [
                    0.0,
                    85.88773855055402
                ],
                "_fun_faculty_salary_per_F/_extrar-faculty_salary_per_F": [
                    212.4298858714854,
                    88.97616348989354
                ],
                "_fun_salary_per_faculty": [
                    0.0,
                    0.0
                ],
                "_fun_salary_per_faculty/_extrar-salary_per_faculty": [
                    197.76690674550883,
                    3.088424939339504
                ],
                "_prod": [
                    161.3483479865892,
                    23.375439965124148
                ],
                "_prod/_extrar-_res": [
                    269.61229249058727,
                    26.104572046647785
                ],
                "_fun_num_of_residents": [
                    4.4522247314453125,
                    46.03229421461653
                ],
                "_fun_num_of_residents/_extrar-num_of_residents": [
                    210.87693787343852,
                    3.088424939339511
                ],
                "_fun_salary_per_residents": [
                    0.0,
                    46.03229421461653
                ],
                "_fun_salary_per_residents/_extrar-salary_per_residents": [
                    216.1422729564463,
                    49.120719153956045
                ],
                "_res_cost_residents_total": [
                    233.19373373166778,
                    23.016147107308264
                ],
                "_res_cost_residents_total/_extraf-cost_residents_total": [
                    48.962084454720376,
                    46.03229421461653
                ],
                "_fun_salary_per_resident": [
                    0.0,
                    0.0
                ],
                "_fun_salary_per_resident/_extrar-salary_per_resident": [
                    210.87693787343852,
                    88.97616348989354
                ]
            },
            "edges": {
                "_fun_num_of_faculty/_extrar-num_of_faculty-edge-0": [
                    [
                        99.51712290686882,
                        10.516147107308264
                    ],
                    [
                        109.51712290686882,
                        10.516147107308264
                    ],
                    [
                        107.76690674550883,
                        10.516147107308264
                    ],
                    [
                        107.76690674550883,
                        10.516147107308264
                    ],
                    [
                        187.76690674550883,
                        10.516147107308264
                    ],
                    [
                        197.76690674550883,
                        10.516147107308258
                    ]
                ],
                "_fun_faculty_salary/_extrar-faculty_salary-edge-0": [
                    [
                        86.90028635901726,
                        56.548441321924784
                    ],
                    [
                        96.90028635901726,
                        56.548441321924784
                    ],
                    [
                        135.2487042793138,
                        56.548441321924784
                    ],
                    [
                        135.2487042793138,
                        56.5484413219248
                    ],
                    [
                        173.59712219961037,
                        56.5484413219248
                    ],
                    [
                        183.59712219961037,
                        56.5484413219248
                    ]
                ],
                "_res_cost_faculty_total/_extraf-cost_faculty_total-edge-0": [
                    [
                        70.01893107337273,
                        53.46001638258528
                    ],
                    [
                        80.01893107337273,
                        53.46001638258528
                    ],
                    [
                        119.69701894606187,
                        53.46001638258528
                    ],
                    [
                        119.69701894606187,
                        53.460016382585266
                    ],
                    [
                        159.37510681875102,
                        53.460016382585266
                    ],
                    [
                        169.37510681875102,
                        53.460016382585266
                    ]
                ],
                "_fun_faculty_salary_r/_extrar-faculty_salary_r-edge-0": [
                    [
                        93.25869242591179,
                        96.40388565786228
                    ],
                    [
                        103.25869242591179,
                        96.40388565786228
                    ],
                    [
                        102.42358399160258,
                        96.40388565786228
                    ],
                    [
                        102.42358399160258,
                        96.40388565786228
                    ],
                    [
                        174.42358399160258,
                        96.40388565786228
                    ],
                    [
                        184.42358399160258,
                        96.40388565786229
                    ]
                ],