{
    "styles": {
        "Regular-No-IF_OWN_ICON_EXISTS": {
            "nodes": {
                "_fun_num_of_faculty": [
                    7.084892272949219,
                    46.03229421461653
                ],
                "_fun_num_of_faculty/_extrar-num_of_faculty": [
                    197.76690674550883,
                    3.0884249393395082
                ],
                "_fun_faculty_salary": [
                    5.531944274902344,
                    46.03229421461653
                ],
                "_fun_faculty_salary/_extrar-faculty_salary": [
                    183.59712219961037,
                    49.120719153956045
                ],
                "_res_cost_faculty_total": [
                    226.2088246740506,
                    23.016147107308264
                ],
                "_res_cost_faculty_total/_extraf-cost_faculty_total": [
                    158.574042262937,
                    69.0484413219248
                ],
                "_fun_faculty_salary_r": [
                    0.0,
                    85.88773855055402
                ],
                "_fun_faculty_salary_r/_extrar-faculty_salary_r": [
                    184.42358399160258,
                    88.97616348989354
                ],
                "_fun_faculty_salary_per_": [
                    0.0,
                    85.88773855055402
                ],
                "_fun_faculty_salary_per_/_extrar-faculty_salary_per_": [
                    204.59185791738383,
                    88.97616348989354
                ],
                "_fun_faculty_salary_per_F": [
                    0.0,
                    85.88773855055402
                ],
                "_fun_faculty_salary_per_F/_extrar-faculty_salary_per_F": [
                    212.4298858714854,
                    88.97616348989354
                ],
                "_fun_salary_per_faculty": [
                    0.0,
                    0.0
                ],
                "_fun_salary_per_faculty/_extrar-salary_per_faculty": [
                    197.76690674550883,
                    88.97616348989354
                ],
                "_prod": [
                    154.36343892897202,
                    23.375439965124148
                ],
                "_prod/_extrar-_res": [
                    269.61229249058727,
                    26.104572046647785
                ]
            },
            "edges": {
                "_fun_num_of_faculty/_extrar-num_of_faculty-edge-0": [
                    [
                        99.51712290686882,
                        10.516147107308264
                    ],
                    [
                        109.51712290686882,
                        10.516147107308264
                    ],
                    [
                        107.76690674550883,
                        10.516147107308264
                    ],
                    [
                        107.76690674550883,
                        10.516147107308264
                    ],
                    [
                        187.76690674550883,
                        10.516147107308264
                    ],
                    [
                        197.76690674550883,
                        10.516147107308258
                    ]
                ],
                "_fun_faculty_salary/_extrar-faculty_salary-edge-0": [
                    [
                        86.90028635901726,
                        56.548441321924784
                    ],
                    [
                        96.90028635901726,
                        56.548441321924784
                    ],
                    [
                        135.2487042793138,
                        56.548441321924784
                    ],
                    [
                        135.2487042793138,
                        56.5484413219248
                    ],
                    [
                        173.59712219961037,
                        56.5484413219248
                    ],
                    [
                        183.59712219961037,
                        56.5484413219248
                    ]
                ],
                "_res_cost_faculty_total/_extraf-cost_faculty_total-edge-0": [
                    [
                        176.99822134008545,
                        76.47616348989355
                    ],
                    [
                        186.99822134008545,
                        76.47616348989355
                    ],
                    [
                        202.98423488164497,
                        76.47616348989355
                    ],
                    [
                        202.98423488164497,
                        76.47616348989354
                    ],
                    [
                        218.97024842320445,
                        76.47616348989354
                    ],
                    [
                        228.97024842320445,
                        76.47616348989354
                    ]
                ],
                "_fun_faculty_salary_r/_extrar-faculty_salary_r-edge-0": [
                    [
                        93.25869242591179,
                        96.40388565786228
                    ],
                    [
                        103.25869242591179,
                        96.40388565786228
                    ],
                    [
                        102.42358399160258,
                        96.40388565786228
                    ],
                    [
                        102.42358399160258,
                        96.40388565786228
                    ],
                    [
                        174.42358399160258,
                        96.40388565786228
                    ],
                    [
                        184.42358399160258,
                        96.40388565786229
                    ]
                ],
                "_fun_faculty_salary_per_/_extrar-faculty_salary_per_-edge-0": [
                    [
                        113.42696635169304,
                        96.40388565786228
                    ],
                    [
                        123.42696635169304,
                        96.40388565786228
                    ],
                    [
                        159.00941213453842,
                        96.40388565786228
                    ],
                    [
                        159.00941213453842,
                        96.40388565786229
                    ],
                    [
                        194.59185791738383,
                        96.40388565786229
                    ],
                    [
                        204.59185791738383,
                        96.40388565786229
                    ]
                ],
                "_fun_faculty_salary_per_F/_extrar-faculty_salary_per_F-edge-0": [
                    [
                        121.2649943057946,
                        96.40388565786228
                    ],
                    [
                        131.2649943057946,
                        96.40388565786228
                    ],
                    [
                        166.84744008863998,
                        96.40388565786228
                    ],
                    [
                        166.84744008863998,
                        96.40388565786229
                    ],
                    [
                        202.4298858714854,
                        96.40388565786229
                    ],
                    [
                        212.4298858714854,
                        96.40388565786229
                    ]
                ],