{
    "styles": {
        "Regular-No-IF_OWN_ICON_EXISTS": {
            "nodes": {
                "_fun_RATH_class_per_resident": [
                    6.48504638671875,
                    0.0
                ],
                "_fun_RATH_class_per_resident/_extrar-RATH_class_per_resident": [
                    276.7604370189463,
                    3.0884249393395082
                ],
                "_fun_RATH_patient_per_resident": [
                    0.0,
                    46.03229421461653
                ],
                "_sum": [
                    210.40271505201883,
                    23.375439965124148
                ],
                "_sum/_extrar-_result": [
                    348.60582276402477,
                    26.104572046647778
                ],
                "_res_total_RATH_per_resident": [
                    210.4027150520189,
                    88.97616348989354
                ],
                "_res_total_RATH_per_resident/_extraf-total_RATH_per_resident": [
                    73.4892679874352,
                    92.06458842923305
                ],
                "_fun_RATH_patient_per_resident/_extrar-RATH_patient_per_resident": [
                    276.7604370189463,
                    49.120719153956045
                ]
            },
            "edges": {
                "_fun_RATH_class_per_resident/_extrar-RATH_class_per_resident-edge-0": [
                    [
                        156.15624491614614,
                        10.516147107308264
                    ],
                    [
                        166.15624491614614,
                        10.516147107308264
                    ],
                    [
                        162.76043701894628,
                        10.516147107308264
                    ],
                    [
                        162.76043701894628,
                        10.516147107308264
                    ],
                    [
                        266.7604370189463,
                        10.516147107308264
                    ],
                    [
                        276.7604370189463,
                        10.516147107308258
                    ]
                ],
                "(_fun_RATH_class_per_resident:RATH_class_per_resident)-(_sum:RATH_class_per_resident)": [
                    [
                        156.15624491614614,
                        10.516147107308264
                    ],
                    [
                        166.15624491614614,
                        10.516147107308264
                    ],
                    [
                        166.15624491614614,
                        10.516147107308264
                    ],
                    [
                        166.15624491614614,
                        30.532294214616527
                    ],
                    [
                        202.5595693015112,
                        30.532294214616527
                    ],
                    [
                        212.5595693015112,
                        30.532294214616527
                    ]
                ],
                "(_fun_RATH_patient_per_resident:RATH_patient_per_resident)-(_sum:RATH_patient_per_resident)": [
                    [
                        162.6412913028649,
                        56.548441321924784
                    ],
                    [
                        172.6412913028649,
                        56.548441321924784
                    ],
                    [
                        187.60043030218804,
                        56.548441321924784
                    ],
                    [
                        187.60043030218804,
                        36.53229421461653
                    ],
                    [
                        202.5595693015112,
                        36.53229421461653
                    ],
                    [
                        212.5595693015112,
                        36.53229421461653
                    ]
                ],
                "_sum/_extrar-_result-edge-0": [
                    [
                        235.09124654760495,
                        33.53229421461653
                    ],
                    [
                        245.09124654760495,
                        33.53229421461653
                    ],
                    [
                        291.8485346558149,
                        33.53229421461653
                    ],
                    [
                        291.8485346558149,
                        33.53229421461653
                    ],
                    [
                        338.60582276402477,
                        33.53229421461653
                    ],
                    [
                        348.60582276402477,
                        33.53229421461653
                    ]
                ],
                "(_sum:_result)-(_res_total_RATH_per_resident:total_RATH_per_resident)": [
                    [
                        235.09124654760495,
                        33.431088770280596
                    ],
                    [
                        245.09124654760495,
                        33.431088770280596
                    ],
                    [
                        260.05038554692817,
                        33.431088770280596
                    ],
                    [
                        260.05038554692817,
                        33.48169149244856
                    ],
                    [
                        275.0095245462513,
                        33.48169149244856
                    ],
                    [
                        285.0095245462513,
                        33.48169149244856
                    ]
                ],
                "_res_total_RATH_per_resident/_extraf-total_RATH_per_resident-edge-0": [
                    [
                        91.91344706458365,
                        99.49231059720181
                    ],
                    [
                        101.91344706458365,
                        99.49231059720181
                    ],
                    [
                        152.53879293287824,
                        99.49231059720181
                    ],
                    [
                        152.53879293287824,
                        99.4923105972018
                    ],
                    [
                        203.16413880117284,
                        99.4923105972018
                    ],
                    [
                        213.16413880117284,
                        99.4923105972018
                    ]
                ],
                "_fun_RATH_patient_per_resident/_extrar-RATH_patient_per_resident-edge-0": [
                    [
                        162.6412913028649,
                        56.548441321924784
                    ],
                    [
                        172.6412913028649,
                        56.548441321924784
                    ],
                    [
                        219.70086416090558,
                        56.548441321924784
                    ],
                    [
                        219.70086416090558,
                        56.5484413219248
                    ],
                    [
                        266.7604370189463,
                        56.5484413219248
                    ],
                    [
                        276.7604370189463,
                        56.5484413219248
                    ]
                ]
            }
        }
    }
}