{
    "styles": {
        "Regular-No-IF_OWN_ICON_EXISTS": {
            "nodes": {
                "_fun_num_of_faculty": [
                    7.084892272949219,
                    46.03229421461653
                ],
                "_fun_salary_per_faculty": [
                    0.0,
                    0.0
                ],
                "_res_cost_faculty_total": [
                    226.20882467405048,
                    23.016147107308264
                ],
                "_prod": [
                    154.363438928972,
                    23.375439965124148
                ]
            },
            "edges": {
                "(_fun_num_of_faculty:num_of_faculty)-(_prod:num_of_faculty)": [
                    [
                        99.51712290686882,
                        56.548441321924784
                    ],
                    [
                        109.51712290686882,
                        56.548441321924784
                    ],
                    [
                        109.51712290686882,
                        56.548441321924784
                    ],
                    [
                        109.51712290686882,
                        36.53229421461653
                    ],
                    [
                        146.52029317846436,
                        36.53229421461653
                    ],
                    [
                        156.52029317846436,
                        36.53229421461653
                    ]
                ],
                "(_fun_salary_per_faculty:salary_per_faculty)-(_prod:salary_per_faculty)": [
                    [
                        106.60201517981804,
                        10.516147107308264
                    ],
                    [
                        116.60201517981804,
                        10.516147107308264
                    ],
                    [
                        131.5611541791412,
                        10.516147107308264
                    ],
                    [
                        131.5611541791412,
                        30.532294214616527
                    ],
                    [
                        146.52029317846436,
                        30.532294214616527
                    ],
                    [
                        156.52029317846436,
                        30.532294214616527
                    ]
                ],
                "(_prod:_res)-(_res_cost_faculty_total:cost_faculty_total)": [
                    [
                        179.0519704245581,
                        33.53229421461653
                    ],
                    [
                        189.0519704245581,
                        33.53229421461653
                    ],
                    [
                        204.0111094238813,
                        33.53229421461653
                    ],
                    [
                        204.0111094238813,
                        33.53229421461653
                    ],
                    [
                        218.97024842320445,
                        33.53229421461653
                    ],
                    [
                        228.97024842320445,
                        33.53229421461653
                    ]
                ]
            }
        }
    }
}